UF;Raça/Cor;Situação do Domicílio;Tipo de família;Famílias
Acre;Branca;Todos as situações;Outros tipos;16295
Acre;Negra;Todos as situações;Outros tipos;72906
Acre;Outras;Todos as situações;Outros tipos;1512
Acre;Todas as raças;Rural;Outros tipos;73578
Acre;Todas as raças;Urbana;Outros tipos;17135
Acre;Todas as raças;Todos as situações;Unipessoal;9407
Acre;Todas as raças;Todos as situações;Casal com filhas/os;29734
Acre;Todas as raças;Todos as situações;Todos os tipos;90713
Acre;Todas as raças;Todos as situações;Casal sem filhas/os;7559
Acre;Todas as raças;Todos as situações;Mulher sem cônjuge com filhas/os;38638
Acre;Todas as raças;Todos as situações;Outros;5375
Alagoas;Branca;Todos as situações;Outros tipos;113687
Alagoas;Negra;Todos as situações;Outros tipos;335057
Alagoas;Outras;Todos as situações;Outros tipos;1795
Alagoas;Todas as raças;Rural;Outros tipos;335057
Alagoas;Todas as raças;Urbana;Outros tipos;115482
Alagoas;Todas as raças;Todos as situações;Outros;31113
Alagoas;Todas as raças;Todos as situações;Unipessoal;64621
Alagoas;Todas as raças;Todos as situações;Casal com filhas/os;127432
Alagoas;Todas as raças;Todos as situações;Todos os tipos;450539
Alagoas;Todas as raças;Todos as situações;Mulher sem cônjuge com filhas/os;178310
Alagoas;Todas as raças;Todos as situações;Casal sem filhas/os;49063
Amapá;Branca;Todos as situações;Outros tipos;21420
Amapá;Negra;Todos as situações;Outros tipos;77435
Amapá;Outras;Todos as situações;Outros tipos;516
Amapá;Todas as raças;Rural;Outros tipos;77693
Amapá;Todas as raças;Urbana;Outros tipos;21678
Amapá;Todas as raças;Todos as situações;Casal sem filhas/os;7226
Amapá;Todas as raças;Todos as situações;Mulher sem cônjuge com filhas/os;42330
Amapá;Todas as raças;Todos as situações;Casal com filhas/os;35619
Amapá;Todas as raças;Todos as situações;Todos os tipos;99371
Amapá;Todas as raças;Todos as situações;Unipessoal;8001
Amapá;Todas as raças;Todos as situações;Outros;6195
Amazonas;Branca;Todos as situações;Outros tipos;98757
Amazonas;Negra;Todos as situações;Outros tipos;367110
Amazonas;Outras;Todos as situações;Outros tipos;10348
Amazonas;Todas as raças;Rural;Outros tipos;368993
Amazonas;Todas as raças;Urbana;Outros tipos;107222
Amazonas;Todas as raças;Todos as situações;Outros;33231
Amazonas;Todas as raças;Todos as situações;Casal sem filhas/os;48286
Amazonas;Todas as raças;Todos as situações;Todos os tipos;476215
Amazonas;Todas as raças;Todos as situações;Mulher sem cônjuge com filhas/os;209114
Amazonas;Todas as raças;Todos as situações;Unipessoal;37936
Amazonas;Todas as raças;Todos as situações;Casal com filhas/os;147648
Bahia;Branca;Todos as situações;Outros tipos;418399
Bahia;Negra;Todos as situações;Outros tipos;1789356
Bahia;Outras;Todos as situações;Outros tipos;18322
Bahia;Todas as raças;Rural;Outros tipos;1793696
Bahia;Todas as raças;Urbana;Outros tipos;432381
Bahia;Todas as raças;Todos as situações;Casal com filhas/os;463144
Bahia;Todas as raças;Todos as situações;Outros;180606
Bahia;Todas as raças;Todos as situações;Casal sem filhas/os;211498
Bahia;Todas as raças;Todos as situações;Todos os tipos;2226077
Bahia;Todas as raças;Todos as situações;Unipessoal;364814
Bahia;Todas as raças;Todos as situações;Mulher sem cônjuge com filhas/os;1006015
Ceará;Branca;Todos as situações;Outros tipos;321659
Ceará;Negra;Todos as situações;Outros tipos;863539
Ceará;Outras;Todos as situações;Outros tipos;4145
Ceará;Todas as raças;Rural;Outros tipos;865287
Ceará;Todas as raças;Urbana;Outros tipos;324056
Ceará;Todas as raças;Todos as situações;Unipessoal;158990
Ceará;Todas as raças;Todos as situações;Casal sem filhas/os;113933
Ceará;Todas as raças;Todos as situações;Outros;102006
Ceará;Todas as raças;Todos as situações;Casal com filhas/os;305097
Ceará;Todas as raças;Todos as situações;Mulher sem cônjuge com filhas/os;509317
Ceará;Todas as raças;Todos as situações;Todos os tipos;1189343
Distrito Federal;Branca;Todos as situações;Outros tipos;183882
Distrito Federal;Negra;Todos as situações;Outros tipos;263479
Distrito Federal;Outras;Todos as situações;Outros tipos;8233
Distrito Federal;Todas as raças;Rural;Outros tipos;267139
Distrito Federal;Todas as raças;Urbana;Outros tipos;188455
Distrito Federal;Todas as raças;Todos as situações;Todos os tipos;455594
Distrito Federal;Todas as raças;Todos as situações;Outros;26529
Distrito Federal;Todas as raças;Todos as situações;Casal com filhas/os;125334
Distrito Federal;Todas as raças;Todos as situações;Casal sem filhas/os;42996
Distrito Federal;Todas as raças;Todos as situações;Unipessoal;74410
Distrito Federal;Todas as raças;Todos as situações;Mulher sem cônjuge com filhas/os;186325
Espírito Santo;Branca;Todos as situações;Outros tipos;191025
Espírito Santo;Negra;Todos as situações;Outros tipos;295622
Espírito Santo;Outras;Todos as situações;Outros tipos;3526
Espírito Santo;Todas as raças;Rural;Outros tipos;296209
Espírito Santo;Todas as raças;Urbana;Outros tipos;193964
Espírito Santo;Todas as raças;Todos as situações;Casal sem filhas/os;37617
Espírito Santo;Todas as raças;Todos as situações;Todos os tipos;490173
Espírito Santo;Todas as raças;Todos as situações;Mulher sem cônjuge com filhas/os;218650
Espírito Santo;Todas as raças;Todos as situações;Unipessoal;102262
Espírito Santo;Todas as raças;Todos as situações;Casal com filhas/os;83455
Espírito Santo;Todas as raças;Todos as situações;Outros;48189
Goiás;Branca;Todos as situações;Outros tipos;320391
Goiás;Negra;Todos as situações;Outros tipos;503964
Goiás;Outras;Todos as situações;Outros tipos;8910
Goiás;Todas as raças;Rural;Outros tipos;509755
Goiás;Todas as raças;Urbana;Outros tipos;323510
Goiás;Todas as raças;Todos as situações;Todos os tipos;833265
Goiás;Todas as raças;Todos as situações;Mulher sem cônjuge com filhas/os;368516
Goiás;Todas as raças;Todos as situações;Outros;70410
Goiás;Todas as raças;Todos as situações;Unipessoal;159511
Goiás;Todas as raças;Todos as situações;Casal com filhas/os;163081
Goiás;Todas as raças;Todos as situações;Casal sem filhas/os;71747
Maranhão;Branca;Todos as situações;Outros tipos;157924
Maranhão;Negra;Todos as situações;Outros tipos;739011
Maranhão;Outras;Todos as situações;Outros tipos;4599
Maranhão;Todas as raças;Rural;Outros tipos;739778
Maranhão;Todas as raças;Urbana;Outros tipos;161756
Maranhão;Todas as raças;Todos as situações;Todos os tipos;901534
Maranhão;Todas as raças;Todos as situações;Mulher sem cônjuge com filhas/os;387133
Maranhão;Todas as raças;Todos as situações;Outros;81257
Maranhão;Todas as raças;Todos as situações;Unipessoal;91998
Maranhão;Todas as raças;Todos as situações;Casal com filhas/os;256822
Maranhão;Todas as raças;Todos as situações;Casal sem filhas/os;84324
Mato Grosso;Branca;Todos as situações;Outros tipos;138808
Mato Grosso;Negra;Todos as situações;Outros tipos;263058
Mato Grosso;Outras;Todos as situações;Outros tipos;5140
Mato Grosso;Todas as raças;Rural;Outros tipos;265200
Mato Grosso;Todas as raças;Urbana;Outros tipos;141806
Mato Grosso;Todas as raças;Todos as situações;Unipessoal;70694
Mato Grosso;Todas as raças;Todos as situações;Outros;24423
Mato Grosso;Todas as raças;Todos as situações;Casal com filhas/os;119536
Mato Grosso;Todas as raças;Todos as situações;Todos os tipos;407006
Mato Grosso;Todas as raças;Todos as situações;Casal sem filhas/os;56556
Mato Grosso;Todas as raças;Todos as situações;Mulher sem cônjuge com filhas/os;135797
Mato Grosso do Sul;Branca;Todos as situações;Outros tipos;148352
Mato Grosso do Sul;Negra;Todos as situações;Outros tipos;195971
Mato Grosso do Sul;Outras;Todos as situações;Outros tipos;8430
Mato Grosso do Sul;Todas as raças;Rural;Outros tipos;200609
Mato Grosso do Sul;Todas as raças;Urbana;Outros tipos;152144
Mato Grosso do Sul;Todas as raças;Todos as situações;Casal com filhas/os;83035
Mato Grosso do Sul;Todas as raças;Todos as situações;Unipessoal;62788
Mato Grosso do Sul;Todas as raças;Todos as situações;Todos os tipos;352753
Mato Grosso do Sul;Todas as raças;Todos as situações;Mulher sem cônjuge com filhas/os;143293
Mato Grosso do Sul;Todas as raças;Todos as situações;Outros;26130
Mato Grosso do Sul;Todas as raças;Todos as situações;Casal sem filhas/os;37507
Minas Gerais;Branca;Todos as situações;Outros tipos;1136816
Minas Gerais;Negra;Todos as situações;Outros tipos;1537743
Minas Gerais;Outras;Todos as situações;Outros tipos;17384
Minas Gerais;Todas as raças;Rural;Outros tipos;1544313
Minas Gerais;Todas as raças;Urbana;Outros tipos;1147630
Minas Gerais;Todas as raças;Todos as situações;Casal sem filhas/os;232277
Minas Gerais;Todas as raças;Todos as situações;Outros;187152
Minas Gerais;Todas as raças;Todos as situações;Unipessoal;533515
Minas Gerais;Todas as raças;Todos as situações;Mulher sem cônjuge com filhas/os;1217412
Minas Gerais;Todas as raças;Todos as situações;Todos os tipos;2691943
Minas Gerais;Todas as raças;Todos as situações;Casal com filhas/os;521587
Pará;Branca;Todos as situações;Outros tipos;186615
Pará;Negra;Todos as situações;Outros tipos;703207
Pará;Outras;Todos as situações;Outros tipos;7384
Pará;Todas as raças;Rural;Outros tipos;705958
Pará;Todas as raças;Urbana;Outros tipos;191248
Pará;Todas as raças;Todos as situações;Casal sem filhas/os;86845
Pará;Todas as raças;Todos as situações;Todos os tipos;897206
Pará;Todas as raças;Todos as situações;Outros;72320
Pará;Todas as raças;Todos as situações;Casal com filhas/os;234999
Pará;Todas as raças;Todos as situações;Unipessoal;89069
Pará;Todas as raças;Todos as situações;Mulher sem cônjuge com filhas/os;413973
Paraíba;Branca;Todos as situações;Outros tipos;188089
Paraíba;Negra;Todos as situações;Outros tipos;348773
Paraíba;Outras;Todos as situações;Outros tipos;3735
Paraíba;Todas as raças;Rural;Outros tipos;350018
Paraíba;Todas as raças;Urbana;Outros tipos;190579
Paraíba;Todas as raças;Todos as situações;Mulher sem cônjuge com filhas/os;258465
Paraíba;Todas as raças;Todos as situações;Outros;49820
Paraíba;Todas as raças;Todos as situações;Casal sem filhas/os;55432
Paraíba;Todas as raças;Todos as situações;Todos os tipos;540597
Paraíba;Todas as raças;Todos as situações;Casal com filhas/os;105254
Paraíba;Todas as raças;Todos as situações;Unipessoal;71626
Paraná;Branca;Todos as situações;Outros tipos;945384
Paraná;Negra;Todos as situações;Outros tipos;477507
Paraná;Outras;Todos as situações;Outros tipos;15763
Paraná;Todas as raças;Rural;Outros tipos;488411
Paraná;Todas as raças;Urbana;Outros tipos;950243
Paraná;Todas as raças;Todos as situações;Mulher sem cônjuge com filhas/os;521924
Paraná;Todas as raças;Todos as situações;Outros;77947
Paraná;Todas as raças;Todos as situações;Todos os tipos;1438654
Paraná;Todas as raças;Todos as situações;Casal com filhas/os;361939
Paraná;Todas as raças;Todos as situações;Unipessoal;315524
Paraná;Todas as raças;Todos as situações;Casal sem filhas/os;161320
Pernambuco;Branca;Todos as situações;Outros tipos;439336
Pernambuco;Negra;Todos as situações;Outros tipos;940245
Pernambuco;Outras;Todos as situações;Outros tipos;9947
Pernambuco;Todas as raças;Rural;Outros tipos;944292
Pernambuco;Todas as raças;Urbana;Outros tipos;445236
Pernambuco;Todas as raças;Todos as situações;Casal sem filhas/os;147774
Pernambuco;Todas as raças;Todos as situações;Mulher sem cônjuge com filhas/os;582393
Pernambuco;Todas as raças;Todos as situações;Unipessoal;204505
Pernambuco;Todas as raças;Todos as situações;Casal com filhas/os;344132
Pernambuco;Todas as raças;Todos as situações;Outros;110724
Pernambuco;Todas as raças;Todos as situações;Todos os tipos;1389528
Piauí;Branca;Todos as situações;Outros tipos;82405
Piauí;Negra;Todos as situações;Outros tipos;346424
Piauí;Outras;Todos as situações;Outros tipos;1122
Piauí;Todas as raças;Rural;Outros tipos;346424
Piauí;Todas as raças;Urbana;Outros tipos;83527
Piauí;Todas as raças;Todos as situações;Casal com filhas/os;107616
Piauí;Todas as raças;Todos as situações;Casal sem filhas/os;38682
Piauí;Todas as raças;Todos as situações;Unipessoal;54933
Piauí;Todas as raças;Todos as situações;Outros;41480
Piauí;Todas as raças;Todos as situações;Mulher sem cônjuge com filhas/os;187240
Piauí;Todas as raças;Todos as situações;Todos os tipos;429951
Rio de Janeiro;Branca;Todos as situações;Outros tipos;1269950
Rio de Janeiro;Negra;Todos as situações;Outros tipos;1358728
Rio de Janeiro;Outras;Todos as situações;Outros tipos;12304
Rio de Janeiro;Todas as raças;Rural;Outros tipos;1367799
Rio de Janeiro;Todas as raças;Urbana;Outros tipos;1273183
Rio de Janeiro;Todas as raças;Todos as situações;Casal sem filhas/os;296582
Rio de Janeiro;Todas as raças;Todos as situações;Mulher sem cônjuge com filhas/os;1005827
Rio de Janeiro;Todas as raças;Todos as situações;Unipessoal;649554
Rio de Janeiro;Todas as raças;Todos as situações;Outros;195606
Rio de Janeiro;Todas as raças;Todos as situações;Casal com filhas/os;493413
Rio de Janeiro;Todas as raças;Todos as situações;Todos os tipos;2640982
Rio Grande do Norte;Branca;Todos as situações;Outros tipos;180149
Rio Grande do Norte;Negra;Todos as situações;Outros tipos;298237
Rio Grande do Norte;Outras;Todos as situações;Outros tipos;674
Rio Grande do Norte;Todas as raças;Rural;Outros tipos;298237
Rio Grande do Norte;Todas as raças;Urbana;Outros tipos;180823
Rio Grande do Norte;Todas as raças;Todos as situações;Mulher sem cônjuge com filhas/os;223334
Rio Grande do Norte;Todas as raças;Todos as situações;Casal sem filhas/os;51278
Rio Grande do Norte;Todas as raças;Todos as situações;Casal com filhas/os;107284
Rio Grande do Norte;Todas as raças;Todos as situações;Todos os tipos;479060
Rio Grande do Norte;Todas as raças;Todos as situações;Unipessoal;56675
Rio Grande do Norte;Todas as raças;Todos as situações;Outros;40489
Rio Grande do Sul;Branca;Todos as situações;Outros tipos;1435733
Rio Grande do Sul;Negra;Todos as situações;Outros tipos;366858
Rio Grande do Sul;Outras;Todos as situações;Outros tipos;9857
Rio Grande do Sul;Todas as raças;Rural;Outros tipos;370189
Rio Grande do Sul;Todas as raças;Urbana;Outros tipos;1442259
Rio Grande do Sul;Todas as raças;Todos as situações;Outros;95728
Rio Grande do Sul;Todas as raças;Todos as situações;Mulher sem cônjuge com filhas/os;576627
Rio Grande do Sul;Todas as raças;Todos as situações;Todos os tipos;1812448
Rio Grande do Sul;Todas as raças;Todos as situações;Unipessoal;438494
Rio Grande do Sul;Todas as raças;Todos as situações;Casal com filhas/os;440896
Rio Grande do Sul;Todas as raças;Todos as situações;Casal sem filhas/os;260703
Rondônia;Branca;Todos as situações;Outros tipos;63478
Rondônia;Negra;Todos as situações;Outros tipos;132742
Rondônia;Outras;Todos as situações;Outros tipos;1007
Rondônia;Todas as raças;Rural;Outros tipos;132742
Rondônia;Todas as raças;Urbana;Outros tipos;64485
Rondônia;Todas as raças;Todos as situações;Casal sem filhas/os;20654
Rondônia;Todas as raças;Todos as situações;Mulher sem cônjuge com filhas/os;78586
Rondônia;Todas as raças;Todos as situações;Todos os tipos;197227
Rondônia;Todas as raças;Todos as situações;Casal com filhas/os;54410
Rondônia;Todas as raças;Todos as situações;Outros;12846
Rondônia;Todas as raças;Todos as situações;Unipessoal;30731
Roraima;Branca;Todos as situações;Outros tipos;13303
Roraima;Negra;Todos as situações;Outros tipos;57783
Roraima;Outras;Todos as situações;Outros tipos;4181
Roraima;Todas as raças;Rural;Outros tipos;58163
Roraima;Todas as raças;Urbana;Outros tipos;17104
Roraima;Todas as raças;Todos as situações;Casal com filhas/os;25844
Roraima;Todas as raças;Todos as situações;Todos os tipos;75267
Roraima;Todas as raças;Todos as situações;Mulher sem cônjuge com filhas/os;27186
Roraima;Todas as raças;Todos as situações;Outros;4182
Roraima;Todas as raças;Todos as situações;Casal sem filhas/os;9503
Roraima;Todas as raças;Todos as situações;Unipessoal;8552
Santa Catarina;Branca;Todos as situações;Outros tipos;707314
Santa Catarina;Negra;Todos as situações;Outros tipos;125880
Santa Catarina;Outras;Todos as situações;Outros tipos;6262
Santa Catarina;Todas as raças;Rural;Outros tipos;128663
Santa Catarina;Todas as raças;Urbana;Outros tipos;710793
Santa Catarina;Todas as raças;Todos as situações;Mulher sem cônjuge com filhas/os;293518
Santa Catarina;Todas as raças;Todos as situações;Casal sem filhas/os;118924
Santa Catarina;Todas as raças;Todos as situações;Outros;43811
Santa Catarina;Todas as raças;Todos as situações;Unipessoal;210031
Santa Catarina;Todas as raças;Todos as situações;Casal com filhas/os;173172
Santa Catarina;Todas as raças;Todos as situações;Todos os tipos;839456
São Paulo;Branca;Todos as situações;Outros tipos;3613950
São Paulo;Negra;Todos as situações;Outros tipos;2370060
São Paulo;Outras;Todos as situações;Outros tipos;104602
São Paulo;Todas as raças;Rural;Outros tipos;2461696
São Paulo;Todas as raças;Urbana;Outros tipos;3626916
São Paulo;Todas as raças;Todos as situações;Casal sem filhas/os;664191
São Paulo;Todas as raças;Todos as situações;Unipessoal;1164204
São Paulo;Todas as raças;Todos as situações;Casal com filhas/os;1454642
São Paulo;Todas as raças;Todos as situações;Outros;392637
São Paulo;Todas as raças;Todos as situações;Todos os tipos;6088612
São Paulo;Todas as raças;Todos as situações;Mulher sem cônjuge com filhas/os;2412938
Sergipe;Branca;Todos as situações;Outros tipos;74458
Sergipe;Negra;Todos as situações;Outros tipos;233127
Sergipe;Outras;Todos as situações;Outros tipos;2894
Sergipe;Todas as raças;Rural;Outros tipos;234936
Sergipe;Todas as raças;Urbana;Outros tipos;75543
Sergipe;Todas as raças;Todos as situações;Casal sem filhas/os;28915
Sergipe;Todas as raças;Todos as situações;Casal com filhas/os;70122
Sergipe;Todas as raças;Todos as situações;Outros;26742
Sergipe;Todas as raças;Todos as situações;Unipessoal;46626
Sergipe;Todas as raças;Todos as situações;Todos os tipos;310479
Sergipe;Todas as raças;Todos as situações;Mulher sem cônjuge com filhas/os;138074
Tocantins;Branca;Todos as situações;Outros tipos;32649
Tocantins;Negra;Todos as situações;Outros tipos;151280
Tocantins;Outras;Todos as situações;Outros tipos;510
Tocantins;Todas as raças;Rural;Outros tipos;151280
Tocantins;Todas as raças;Urbana;Outros tipos;33159
Tocantins;Todas as raças;Todos as situações;Mulher sem cônjuge com filhas/os;77295
Tocantins;Todas as raças;Todos as situações;Todos os tipos;184439
Tocantins;Todas as raças;Todos as situações;Outros;15050
Tocantins;Todas as raças;Todos as situações;Casal com filhas/os;45407
Tocantins;Todas as raças;Todos as situações;Casal sem filhas/os;19903
Tocantins;Todas as raças;Todos as situações;Unipessoal;26784
Todas as UFs;Branca;Todos as situações;Outros tipos;12500228
Todas as UFs;Negra;Todos as situações;Outros tipos;15215102
Todas as UFs;Outras;Todos as situações;Outros tipos;273102
Todas as UFs;Todas as raças;Rural;Outros tipos;15376115
Todas as UFs;Todas as raças;Urbana;Outros tipos;12612317
Todas as UFs;Todas as raças;Todos as situações;Casal sem filhas/os;2961295
Todas as UFs;Todas as raças;Todos as situações;Outros;2001998
Todas as UFs;Todas as raças;Todos as situações;Unipessoal;5106255
Todas as UFs;Todas as raças;Todos as situações;Todos os tipos;27988432
Todas as UFs;Todas as raças;Todos as situações;Mulher sem cônjuge com filhas/os;11438230
Todas as UFs;Todas as raças;Todos as situações;Casal com filhas/os;6480654
