UF;Município;Nome da Unidade;Endereço;CEP;Telefone;Email;Conselhos
AC;Rio Branco;Conselho Estadual dos Direitos da Mulher - CEDIM/AC;Av. Nações Unidas, 233 - Bairro Bosque - Rio Branco/AC;; (68) 9985-7260 / (68) 3224-1661; cedimacre@gmail.com ;
AC;Assis Brasil;Conselho Municipal dos Direitos da Mulher de Assis Brasil;Rua Rafael Martins Leão, 360 - Centro - Assis Brasil/AC;  69.935-000; (68) 3548-1297;;
AC;Bujari;Conselho Municipal dos Direitos da Mulher de Bujari;Rua Pedro Mangabeira, s/n - Centro – Bujari/AC;  69.923-000; (68) 3231-1074;;
AC;Capixaba;Conselho Municipal dos Direitos da Mulher de Capixaba;Av. Governador Edmundo Pinto - Centro – Capixaba/AC;  69.931-000; (68) 3234-1090; capixabasocial@yahoo.com.br ;
AC;Epitaciolândia;Conselho Municipal dos Direitos da Mulher de Epitaciolândia;Rua Pedro Capitão Vasconcelos, 795 - Aeroporto - Epitaciolândia/AC; 69.934-000; (68) 3546-4667;;
AC;Jordão;Conselho Municipal dos Direitos da Mulher de Jordão;Av. Francisco Dias, S/N – Jordão/Ac;  69.931-000; (68) 8422-8187; limavangela@hotmail.com ;
AC;Mâncio Lima;Conselho Municipal dos Direitos da Mulher de Mâncio Lima;Av. Japim, s/n - Bairro Cobal - Mâncio Lima/AC;  69.900-000; (68) 3343-1674 / (68) 9922-5832; na.isla@hotmail.com ;
AC;Marechal Thaumaturgo;Conselho Municipal dos Direitos da Mulher de Marechal Thaumaturgo;Rua Francisco Bonifácio da Costa - Centro - Marechal Thaumaturgo/AC; 69.983-000; (68) 3325-1284 / (68) 8417-8973;;
AC;Plácido de Castro;Conselho Municipal dos Direitos da Mulher de Plácido de Castro;Rua Epitácio Pessoa, 299 - Centro - Plácido de Castro/AC;  69.928-000 ; (68) 9900-7071; aquino-antonia@bol.com.br;
AC;Porto Acre;Conselho Municipal dos Direitos da Mulher de Porto Acre;Rua Epitácio Pessoa nº 299 sala dos Conselhos - Centro - Prefeitura - Porto Acre/AC;  69.927-000; (68) 3233-1032 / (68) 3237-1396;;
AC;Porto Walter;Conselho Municipal dos Direitos da Mulher de Porto Walter;Rua Alfredo Sales, s/n - Centro (Prédio da Pref. Municipal) - Porto Walter/AC ; 69.982-000; (68) 3325-8027 / (68) 8402-0360;;
AC;Rio Branco;Conselho Municipal dos Direitos da Mulher de Rio Branco;Rua Novo Andirá, nº 339 - Cidade Nova - Referência: Junto à Casa Rosa Mulher - Rio Branco/AC ;69.900-170; (68) 3224-5117 / (68) 3211-2433;;
AC; Rodrigues Alves;Conselho Municipal dos direitos da Mulher de Rodrigues Alves;Av. São José, 780 - Centro - Rodrigues Alves/AC;  69.985-000; (68) 3342-1224 / (68) 8424-4142;;
AC;Santa Rosa do Purus;Conselho Municipal dos Direitos da Mulher de Santa Rosa do Purus;Rua Coronel José Ferreira, S/N - Centro - Santa Rosa do Purus/AC; 69.955-000; (68) 9982-5650;;
AC;Sena Madureira;Conselho Municipal dos Direitos da Mulher de Sena Madureira;Rua Avelino Chaves, 1462 - Centro - Sena Madureira/AC ; 69.940-000; (68) 9946-8760;;
AC;Tarauacá;Conselho Municipal dos Direitos da Mulher de Tarauacá;Rua Olímpio de Morais, nº 140 - Bairro Avelino Leal - Tarauacá/AC; 69.970-000; (68) 3462-2273 / (68) 9984-6471;;
AC; Xapuri;Conselho Municipal dos Direitos da Mulher de Xapuri;Rua 24 de Janeiro, 280 - Centro - Xapuri/AC ; 69.930-000; (68) 3542-2721 / (68) 9998-4055;;
Acre;Todos;;;;;;17
AL;Maceió ;Conselho Estadual dos Direitos da Mulher de Alagoas - CEDIM;Rua Cincinato Pinto, nº 503 - 1º Andar - Centro – Maceió/AL;  57.020-000; (82) 3315-2121 / (82) 3315-2160 ; cedimalagoas@hotmail.com ;
AL;Arapiraca;Conselho Municipal dos Direitos da Mulher de Arapiraca;Av. Ceci Cunha, nº 23 - Bairro Alto do Cruzeiro - Arapiraca/AL; 57.312-310; (82) 3521-5211 / (82) 8106-5064;;
AL;Cajueiro;Conselho Municipal dos Direitos da Mulher de Cajueiro;Av. Industrial Cícero Toledo, 365 - Centro - Cajueiro/AL ;; (82) 9627-8870 / (82) 3317-6043; tel.costa@hotmail.com;
AL;Campo Alegre;Conselho Municipal dos Direitos da Mulher de Campo Alegre;Rua Senador Máximo, 58 - 1º Andar - Bairro Centro - Campo Alegre/AL ;57.250-000 ; (82) 9957-3826 / (82) 9809-4324 / (82) 9188-4641;;
AL;Condição Feminina ;Conselho Municipal da Condição Feminina de Maceió;Rua Antônio Gerbase, s/n (em frente a creche de adoção) - Farol - Maceió/AL ;; (82) 8811-5456 ; eulinaespecial@hotmail.com;
AL;Delmiro ;Conselho Municipal dos Direitos da Mulher de Delmiro;Rua Mario Pereira, 48 - Bairro Eldorado - Delmiro - Gouveia/AL;; (82) 3641-3561 / (82) 3641-1184; gislaine_alvesdasilva@hotmail.com;
AL;Piranhas ;Conselho Municipal dos Direitos da Mulher de Piranhas;Santana do Ipanema, nº 25 - Vila Alagoas - Xingó - Piranhas/AL;; (82) 88174087/ (82) 3686-1953; valdirenecorreia@hotmail.com ;
AL;Teotônio Vilela;Conselho Municipal dos Direitos da Mulher de Teotônio Vilela;Rua Pedro Pereira, s/n, Centro, Teotônio Vilela/AL;; (82) 9146-2986 / 9969-7605; msoniasilva2010@bol.com.br;
Alagoas;Todos;;;;;;8
AM;Manaus;Conselho Estadual dos Direitos da Mulher do Amazonas;Sede do Governo de Estado - Avenida Brasil, s/nº;; (92) 8122-0541 / (92) 3303-8392; isis_tneves@yahoo.com.br;
AM;Apuí ;Conselho Municipal dos Direitos da Mulher de Apuí ;;; (97) 3389-1358 / (68) 3389-1139;  jb.mar76@hotmail.com;
AM;Benjamin Constant ;Conselho Municipal dos Direitos da Mulher de Benjamin Constant;;; (97) 9154-6917 / (97) 3415-6404; gleissicastelo@yahoo.com.br;
AM;Borba;Conselho Municipal dos Direitos da Mulher de Borba;;; (92) 8847-1406 / 9276-1077; cmdmborba@hotmail.com;
AM;Coari;Conselho Municipal dos Direitos da Mulher de Coari ;Rua Travessa Raimundo Mota, nº 140 - Bairro Centro;; (97) 8123-9385;;
AM;Eirunepe ;Conselho Municipal dos Direitos da Mulher de Eirunepe ;;; (97) 9157-8862; martac.dossantos@hotmail.com;
AM;Envira;Conselho Municipal dos Direitos da Mulher de Envira;Rua Joaquim Borba nº 381 – Centro;  69.870-000; (97) 3483-1681 / 8103-0149; seas_envira@seas.am.gov.br;
AM;Itacoatiara ;Conselho Municipal dos Direitos da Mulher de Itacoatiara;Rua Armindo Auzier, 1624 - Araújo Costa - Itacoatiara/AM ; 69.100-000; (92) 3521-4756 / (92) 9199-1173; luizete_moreira@hotmail.com;
AM;Itamarati ;Conselho Municipal dos Direitos da Mulher de Itamarai ;;; (97) 8117-5806 / (92) 9366-0045; cristinapfranca@hotmail.com;
AM;Manaus ;Conselho Municipal dos Direitos da Mulher de Manaus ;;; (92) 9154-4493; mgbsoares@hotmail.com;
AM;Parintins;Conselho Municipal dos Direitos da Mulher de Parintins;;; (92) 9283-3024; cleu_monteverde@hotmail.com;
AM;São Gabriel da Cachoeira ;Conselho Municipal dos Direitos da Mulher de São Gabriel da Cachoeira;Av. Álvaro Maia, 569 - Centro - São Gabriel da Cachoeira/AM;  69.750-000; (97) 3471-1221 / (97) 8121-8065 ;;
Amapá;Todos;;;;;;2
Amazonas;Todos;;;;;;12
AP;Amapá;Conselho Estadual dos Direito da Mulher do Amapá – CEDIMAP;Avenida Raimundo Alves da Costa, s/nº - Bairro Central (ao lado da FCRIA); 68.900-000; (96) 2101-3413 / (96) 3212-9143;;
AP;Santana;Conselho Municipal dos Direitos da Mulher de Santana;Av. Castro Alves, 2690 - Paraiso - Santana/AP ; 68.925-000; (96) 99112-3392; cpmpms@hotmail.com ;
BA;Salvador ;Conselho Estadual de Defesa dos Direitos da Mulher da Bahia – CDDM;Av. Tancredo Neves nº 776 - 3º andar - Bloco A - Prédio do Desenbahia - Bairro Caminho das Árvores - CEP: 41.820-904;; (71) 3117-2815 / (71) 3117-2820;;
BA;Abaíra;Conselho Municipal dos Direitos da Mulher de Abaíra;;; (77) 9115-7811 / (77) 9126-6324 ; secmulheres@yahoo.com.br;
BA;Barreiras;Conselho Municipal dos Direitos da Mulher de Barreiras;;; (77) 9946-9055 ;;
BA;Camaçari;Conselho Municipal dos Direitos da Mulher de Camaçari;Av. Francisco Drumond, 391 - Ed. Alziria Dias - Térreo - Centro Administrativo de Camaçari;  42.800-000; (71) 3644-5763 / (71) 3644-5768; cmdm2011.camacari@gmail.com ;
BA;Cardeal da Silva;Conselho Municipal dos Direitos da Mulher de Cardeal da Silva;;; (75) 8845-2801 / (75) 9846-1771; noemia.aves45@gmail.com;
BA;Cruz das Almas;Conselho Municipal dos Direitos da Mulher de Cruz das Almas;;; (75) 8143-6108 / (75) 3621-5400 ; carmenoliveira2008@hotmail.com;
BA;Entre Rios;Conselho Municipal de Políticas dos Direitos da Mulher de Entre Rios;Rua João Bosco, s/n. Centro;  48.180-000; (75) 3420-2884 / (75) 9966-6220 ;mulherentrerios@hotmail.com ;
BA;Esplanada;Conselho Municipal dos Direitos da Mulher de Esplanada;Travessa Amélio Batista, 15 A. Centro;  48.370-000; (75) 9924-1524 (75) 3427-2140; aurelinasmota@bol.com.br;
BA;Feira de Santana ;Conselho Municipal de Defesa dos Direitos da Mulher de Feira de Santana;Rua Domingos Barbosa de Araújo, 160 - Kalilândia - Feira de Santana/BA;; (75) 3614-5843;;
BA;Ilhéus;Conselho Municipal dos Direitos da Mulher de Ilhéus;Rua Dom Manuel de Paiva Travessa Luzitanea, 18;  45.653-295; (73) 8874-8337 / (73) 8128-4834; cmdm.presidenciailheus.ba@gmail.com;
BA;Inhambupe;Conselho Municipal dos Direitos da Mulher de Inhambuque;Telefones: (75) 3431-2134 / (75) 9804-9987;;; assistenciasocialinhambupe@hotmail.com;
BA;Itabuna;Conselho Municipal dos Direitos das Mulher de Itabuna;Av. Juraci Magalhães, 256 - Alto Mirante;  45.600-000; (73) 8802-5935 / (73) 8802-5932;consdireitosdamulher.itb@gmail.com;
BA;Jacobina;Conselho Municipal dos Direitos da Mulher de Jacobina;Rua Senador Pedro Lago, nº 94 - Bairro Centro ; 44.700-000; (74) 9970-2676; cmdmjacobina@hotmail.com;
BA;Juazeiro;Conselho Municipal dos Direitos da Mulher de Juazeiro;Avenida Luiz Inácio Lula da Silva do CIAM - Bairro Centenário ; 48.900-000; (74) 3614-2028 / (74) 8818-1165;cmddmjuazeiroba@gmail.com;
BA;Lauro de Freitas;Conselho Municipal dos Direitos da Mulher de Lauro de Freitas;;; (71) 9362-0050 / (71) 8659-7312 ; sulle_nascimento@yahoo.com.br;
BA;Miguel Calmon;Conselho Municipal dos Direitos da Mulher de Miguel Calmon;;; (74) 3627-1885 / (74) 3627-2140;;
BA;Paulo Afonso;Conselho Municipal dos Direitos da Mulher de Paulo Afonso;Rua Marechal Rondom, nº 589 – Centro;  48602-510; (75) 3282-2271 / (75) 3281-2684 ; mlbrasil@chesf.gov.br;
BA;Piraí do Norte;Conselho Municipal dos Direitos da Mulher de Piraí do Norte;;; (73) 3688-2229 / (71) 8241-6310;comdimtn@hotmail.com;
BA;Retirolância;Conselho Municipal dos Direitos da Mulher de Retirolândia;;; (75) 8171-4420/ (75) 8108-2775; strretirolandia@hotmail.com;
BA;Salvador;Conselho Municipal da Mulher de Salvador;Avenida 7 de Setembro, 89 - Edifício Oxumaré - Salas 204 / 205 - Bairro São Bento;  40.060-001; (71) 3186-1571 / (71) 9262-9539; cmm@salvador.ba.gov.br ;
BA;São Sebastião do Passé;Conselho Municipal dos Direitos da Mulher de São Sebastião do Passé;R. Joseildo (conhecida por Sebastiana) - Bairro Centro;  43850-000; (71) 8767-2991 / (71) 3655-8030; luzineidecabiceiralago@hotmail.com;
BA;Seabra;Conselho Municipal dos Direitos da Mulher de Seabra;Rua Manoel Teixeira leite, 653 - Centro ; 46.900-000; (75) 3331-3079 / (75) 9906-2990; iramaiapetronilio@yahoo.com.br;
BA;Senhor do Bonfim;Conselho Municipal dos Direitos da Mulher de Senhor do Bonfim;;; (74) 3541-1462 / (74) 9144-4747; cleainey@hotmail.com;
BA;Serrinha;Conselho Municipal dos Direitos da Mulher de Serrinha;;; (75) 9957-7065 / (75) 9158-5073 ; jbsmaravilha@gmail.com;
BA;Sobradinho;Conselho Municipal dos Direitos da Mulher de Sobradinho;;; (74) 8816-8337; nethinhomelo14@hotmail.com;
BA;Teixeira de Freitas;Conselho Municipal dos Direitos da Mulher de Teixeira de Freitas;Av. Marechal Castelo Branco, 1712 - Monte Castelo. Funciona na sede da Secretaria de Assistência Social - CEP: 45.995-000;; (73) 3013-9869 / (73) 9948-0108; conselhodamulher.tx@hotmail.com;
BA;Valença;Conselho Municipal dos Direitos da Mulher de Valença;;; (75) 3643-1601 ; crmvalenca@yahoo.com.br;
BA;Valente;Conselho Municipal dos Direitos da Mulher de Valente;;; (75) 8225-5584 / (75) 8136-8380; anacruzz22@gmail.com;
BA;Vitória da Conquista;Conselho Municipal dos Direitos da Mulher de Vitória da Conquista;;; (77) 3429-9400 / (77) 3424-5325; cmm.mulher@gmail.com;
Bahia;Todos;;;;;;29
CE;Fortaleza;Conselho Estadual dos Direitos da Mulher do Ceará;Palácio da Abolição - Avenida Barão de Studart,505 - Meireles - Fortaleza/CE; 60.120-000; (85) 3466-4865 /;;
CE;Crato;Conselho Municipal dos Direitos da Mulher Cratense;Secretaria de Assistência Social - Avenida Perimetral Dom Francisco, s/nº - São Miguel;  63.100-000; (88) 3102-3053 / (88) 9654-4528 ; consmulhercrato@gmail.com;
CE;Ipu;Conselho Municipal dos Direitos da Mulher de Ipu;Rua Dona Maria Correa nº. 1030 – Centro;  62.250-000; (88) 3683-2863 / (88) 9604-0355; cmdm.ipu@gmail.com;
CE;Jaguaribara;Conselho Municipal dos Direitos da Mulher de Jaguaribara;Avenida Pergentino Almino Pinheiro s/nº – Centro;  63490-000; (88) 3568-4542 / (88) 3568-4533;smas@jaguaribara.ce.gov.br;
CE;Missão Velha;Conselho Municipal dos Direitos da Mulher de Missão Velha;Rua Padre Cícero, nº 204 – Centro;  63200-000; (88) 3542-1930; cmdmmissaovelha@gmail.com;
CE;Pereiro;Conselho Municipal dos Direitos da Mulher de Pereiro/CE;Rua Ce. Porto, 107 - Centro (Sede da secretaria do trabalho e assistência social de Pereiro/CE);  63.460-000.; (88) 3527-1262;;
CE;Salitre;Conselho Municipal dos Direitos da Mulher de Salitre;Rua Santo Antônio, nº. 747 - Centro ; 63.155-000; (88) 3537-1204 / (88) 3537-1219; asssocialsalitre@hotmail.com;
CE;Viçosa do Ceará;Conselho Municipal dos Direitos da Mulher - Viçosa do Ceará;Rua Lamartine Nogueira, nº 575 – Centro;  62.300-000; (88) 3632-1544 / (88) 9914-5965; cmdm_vicosadoceara@hotmail.com;
Ceará;Todos;;;;;;8
DF;Brasília ;Conselho dos Direitos da Mulher do Distrito Federal;Anexo do Palácio do Buriti - 8º Andar - Ala Leste;  70.075-900; (61) 3425-4891 / 3961-4624; cdmconselhodamulher@gmail.com;
Distrito Federal;Todos;;;;;;1
ES;Vitória ;Conselho Estadual de Defesa dos Direitos da Mulher do Espírito Santo - CEDIMES;Av. Marechal Mascarenhas de Moraes, nº 2796 - Bairro Jessus de Nazaret - Vitória/ES ; 29.052-015; (27) 3227-4811;;
ES;Baixo Guandu;Conselho Municipal dos Direitos da Mulher de Baixo Guandu ;Antonio Benedito Coelho,198 - Centro - Baixo Guandu/ES ; 29.730-000; (27) 3732-1138 / (27) 3732-4306 ; conselhosbg@gmail.com ;
ES;Cachoeiro de Itapemirim;Conselho Municipal dos Direitos da Mulher de Cachoeiro de Itapemirim ;Rua Joubert Alves Ayub, s/nº - Centro – Cachoeiro do Itapemirim/ES ; 29.309-803; (28) 3521-1922 / (27) 3511-2219;;
ES;Cariacica;Conselho Municipal dos Direitos da Mulher de Cariacica ;Rua João Lopes Rogério, nº 8 -  Ed. Crist Campo Grande - 4º andar - Cariacica/ES ; 29.151-300; (27) 3226-5488 / (27) 9888-5620; direitosdamulher@cariacica.es.gov.br;
ES;Colatina;Conselho Municipal dos Direitos da Mulher de Colatina ;Rua Marechal Eurico Gaspar Dutra, nº 69 - Bairro Esplanada - Colatina/ES ; 29.705-150; (27) 3721-7995;;
ES;Guarapari;Conselho Municipal dos Direitos da Mulher de Guarapari;Rua Matias Coutinho - Itapebuçu 2013 - Guarapari/ES ; 29.210-160; (27) 3261-1377 / (27) 3261-5787; saladosconselhos3@gmail.com;
ES;Iconha;Conselho Municipal dos Direitos da Mulher de Iconhenese ;Praça Darcy Marquioli, nº 11 - Bairro Jardim Jandira - Iconha/ES; 29.280-000; (28) 3537-2379 / (28) 3537-2136;;
ES;Montanha;Conselho Municipal dos Direitos da Mulher de Montanha;Av. Getulio Vargas nº 384 - Centro - Montanha/ES ; 29.890-000; (27) 3754-1909 / 99808-0966; casadoconselhosmont@hotmail.com;
ES;Santa Maria de Jetibá;Conselho Municipal dos Direitos da Mulher de Santa Maria de Jetibá;Rua dos Evangélicos, nº 10 - Centro - Santa Maria de Jetibá/ES; 29645-000; (27) 3263-4822;;
ES;São José do Calçado;Conselho Municipal dos Direitos da Mulher de São José do Calçado;Rua Coronel José de Denicacio, nº 56 - Centro (em cima da biblioteca municipal) - São José do Calçado/ES ; 29470-000; (28) 3556-1964; assistenciasocial_sjcalcado@hotmail.com;
ES;Serra;Conselho Municipal dos Direitos da Mulher de Serra ;2ª Avenida, nº 723 - Bairro Parque Residencial Laranjeiras - Serra/ES; 29165-804; (27) 3318-9826 / 3318-8653/;;
ES;Vila Velha;Conselho Municipal dos Direitos da Mulher de Vila Velha;Rua Luciano das Neves nº 348, Bairro Prainha - Vila Velha/ES; 29100-970; (27) 3391-5850;;
ES;Vitória;Conselho Municipal dos Direitos da Mulher de Vitória;Rua Marilhos Alvarino, nº 60 - Bairro Itararé - Vitória/ES ; 29.047-660; (27) 3382-6703 / 33826703; ansilva@vitoria.es.gov.br;
ES;Ponto Belo;Conselho Municipal dos Direitos da Mulher de Ponto Belo;Avenida Sebastião Rabelo, s/nº - Bairro Chapisco - Ponto Belo/ES; 29.885-000; (27) 3757-1017;;
Espírito Santo;Todos;;;;;;14
GO;Goiânia ;Conselho Estadual dos Direitos da Mulher;Centro de Referência Estadual da Igualdade - Av. Goiás, 1.496 - Centro; 74.053-010; (62) 3201-7483;;
GO;Cachoeira Alta;Conselho Municipal dos Direitos da Mulher;Rua Cruzeiro do Sul, n.º 21 ;  75.870-000;; crascachoeiraaltago@hotmail.com;
GO;Goiânia;Conselho Municipal dos Direitos da Mulher de Goiânia;Secretaria Municipal de Políticas para as Mulheres - Rua 16 A - nº 350 - Setor Aeroporto;  74.075-150; (65) 3524-2934 / (65) 3524-2933; conselho@smpm.goiania.go.gov.br;
GO;Valparaíso;Conselho Municipal dos Direitos e Defesa da Mulher;Quadra 34 - Lote 14 - CH01 - Anhanguera B - Valparaíso II ; 72.871-585; (61) 3624-7511 / (61) 8431-1424; zilandesena@hotmail.com;
GO;Minaçu;Conselho Municipal dos Direitos da Mulher de Minaçu;Avenida Amazonas, n.º 295 - Centro ; 76.450-000; (62) 3379-3094 / (62) 3379-1020; comdim.minacu@outlook.com;
Goiás;Todos;;;;;;5
MA;São Luís;Conselho Estadual dos Direitos da Mulher do Maranhão;Rua da Palma, 19 B – Centro;  65.010-440; (98) 3232-3785 / (98) 98832-9500; celiseazevedo@yahoo.com.br;
MA;Caxias;Conselho Municipal dos Direitos e Defesa da Mulher;Rua Riachuelo, nº 227 - Bairro: Centro;  65605-620; (99) 3521-5385 / (99) 8130-6389; conselhomaismulher@hotmail.com;
MA;São José de Ribamar;Conselho Municipal dos Direitos da Mulher de São José de Ribamar;Rua de Santana, nº 95 - Centro - Próximo a Prefeitura Municipal  ; 65.110-000; (98) 3224-6808 / (98) 8879-7629;;
MA;São Luís;Conselho Municipal dos Direitos da Mulher de São Luís;End.: Rua da Saavedra, nº 160 - Centro - São Luís – Maranhão;  65010-030 ; (98) 98802-7658 / (98) 3212-8309;;
Maranhão;Todos;;;;;;4
Mato Grosso;Todos;;;;;;10
Mato Grosso do Sul;Todos;;;;;;14
MG;Belo Horizonte ;Conselho Estadual da Mulher de Minas Gerais;Av. Amazonas, 558 - 5º andar - Salas 05 - Centro - Belo Horizonte/MG ; 30.180-001; (31) 3270-3618 / (31) 3270-3619 ;;
MG;Almenara;Conselho Municipal dos Direitos da Mulher de Almenara;Rua João Calabocório, 20 - Centro – Almenara/MG;  39.900-000; (33) 3721-2832; socialalmenaramg@bol.com.br;
MG;Alterosa;Conselho Municipal dos Direitos da Mulher de Alterosa;Rua Joaquim Fulgêncio Terra, 431 - Bairro Cruzeiro;  37.145-000; (35) 3294-1745;;
MG;Araguari;Conselho Municipal dos Direitos da Mulher de Araguari;Rua Luiz Schinoor, 197 - Centro – Araguari/MG;  38.440-002; (34) 3690-3154; conselhosaraguari@yahoo.com.br;
MG;Arinos;Conselho Municipal dos Direitos da Mulher de Arinos;Rua José Gomes Viana, 1296 - Centro – Arinos/MG;  38.680-000; (38) 3635-2584;cmdm@arinos.mg.gov.br;
MG;Barbacena;Conselho Municipal dos Direitos da Mulher de Barbacena;Av. Bias Fortes, 759 - Centro – Barbacena/MG;  36.200-068; (32) 3339-7983 ;;
MG;Belo Horizonte;Conselho Municipal dos Direitos da Mulher de Belo Horizonte;Rua Espírito Santo, nº 505 - 10º Andar - Centro - Belo Horizonte/MG; 30.160-030; (31) 3277-4346 / (31) 3277-9756;;
MG;Betim;Conselho Municipal dos Direitos da Mulher de Betim;Rua Pará de Minas, 640 - Centro Administrativo - Brasiléia - Betim/MG; 32.600-412; (31) 3593-9644;;
MG;Bom Sucesso;Conselho Municipal dos Direitos da Mulher de Bom Sucesso;Av. Bento Mendes Castanheira, 37 - Centro - Bom Sucesso/MG; 37.220-000; (35) 3841-3722 ;;
MG;Brasília de Minas;Conselho Municipal dos Direitos da Mulher de Brasília de Minas;Rua Mariano Almeida, 43 - Centro - Brasília de Minas/MG ; 39.330-000; (38) 3231-2658 / (38) 3231-1511; serobsoc@hotmail.com;
MG;Brumadinho;Conselho Municipal dos Direitos da Mulher de Brumadinho;Rua Aristides Passos, 168 - Centro - Brumadinho/MG ; 34.460-000; (31) 3571-3001 ; conselhomulherbrumadinho@yahoo.com.br;
MG;Buritis;Conselho Municipal dos Direitos da Mulher de Buritis;Av. Minas Gerais, 815 - Sala 02 - Centro - Buritis/MG ; 38.660-000; (38) 3662-3037 ;;
MG;Cabeceira Grande;Conselho Municipal dos Direitos da Mulher de Cabeceira Grande;Av. Central, s/n - Cabeceira Grande/MG ; 38.625-000; (38) 3677-8036 ; cras_evamiriam@hotmail.com;
MG;Campestre;Conselho Municipal dos Direitos da Mulher de Campestre;Rua Aurora Ranis, 216 - Centro - Campestre/MG ; 37.730-000; (35) 9974-0041 ; leilamargarcia@yahoo.com.br;
MG;Carangola;Conselho Municipal dos Direitos da Mulher de Carangola;Rua Cláudio Manoel, 184 - Sagrada Família – Carangola/MG;  36.800-000; (32) 3741-1930; creas.carangola@yahoo.com.br ;
MG;Carmópolis de Minas;Conselho Municipal dos Direitos da Mulher de Carmópolis de Minas;Rua Coração de Jesus, 295 - Carmópolis de Minas/MG;  35.534-000; (37) 8403-3727 ; norinhamattos@hotmail.com;
MG;Cataguases;Conselho Municipal dos Direitos da Mulher de Cataguases;Av. Astolfo Dutra, 812 - Centro - Cataguases/MG ; 36.770-000; (32) 3429-2566 / (32) 3429-2650 ;;
MG;Cláudio;Conselho Municipal dos Direitos da Mulher de Cláudio;;; (37) 3381-3236 / (37) 3381-2186 ; assistenciasocial@claudio.mg.gov.br;
MG;Congonhas;Conselho Municipal dos Direitos da Mulher de Congonhas;Rua São José, 62 - Bairro Centro;  36.415-000; (31) 3731-1511/ (31) 3731-3300;;
MG;Cruvelo;Conselho Municipal dos Direitos da Mulher de Cruvelo;Av. Integração, 50 - Praça Central do Brasil - Cruvelo/MG ; 35.790-000; (38) 3721-7811; desenvolvimentosocia@curvelo.mg.gov.br ;
MG;Conselheiro Lafaiete;Conselho Municipal dos Direitos da Mulher de Conselheiro Lafaiete;Rua Oliveiros de souza,45 - Centro - Conselheiro Lafaiete/MG; 36.400-000; (31) 3721-5999 / (31) 3763-1936 ;;
MG;Contagem;Conselho Municipal dos Direitos da Mulher de Contagem;Rua Bélgica, 486 - Eldorado - Contagem/MG ; 32.340-030; (31) 3398-4894;;
MG;Coronel Fabriciano;Conselho Municipal dos Direitos da Mulher de Fabriciano;Gabinete da Prefeita - Praça Doutor Louis Ensch, nº 64 - Centro - Coronel Fabriciano/MG ; 35.170-033; (31) 3846-7734 / (31) 3846-7071 ; comdim@fabriciano.mg.gov.br;
MG;Divisópolis;Conselho Municipal dos Direitos da Mulher de Divisópolis;Praça Manfredo Ferreira de Souza, 70 - Bairro Centro - Divisópolis/MG; 39.912-000; (33) 3721-6117;;
MG;Dom Joaquim;Conselho Municipal dos Direitos da Mulher de Dom Joaquim;Rua Hermérito Ribeiro,22 - Dom Joaquim/MG; 35.865-000; (31) 3866-1212 / (31) 8413-2136;;
MG;Felisburgo;Conselho Municipal dos Direitos da Mulher de Felisburgo;Av. Brasil nº 613 - Bairro Centro - Felisburgo/MG; 39.895-000; (33) 3743-1605;;
MG;Formiga;Conselho Municipal dos Direitos da Mulher de Formiga;Praça Ferreira Pires, 04 - Centro - Formiga/MG; 35.570-000; (37) 3321-2001 / 3322-7659;;
MG;Guanhães;Conselho Municipal dos Direitos da Mulher de Guanhães;Praça Néria Coelho Guimarães, nº 36 - Bairro Centro - Guanhães/MG; 39740-000; (33) 3421-2956;;
MG;Guaxupé;Conselho Municipal dos Direitos da Mulher de Guaxupé;Telefone: (35) 3551-5131 (Sandra Helena);;; cras2guaxupe@gmail.com;
MG;Ipatinga;Conselho Municipal dos Direitos da Mulher de Ipatinga;Rua Campinas, nº 105 - Bairro Veneza I - Ipatinga/MG ; 35.164-254; (31) 3829-8431; ipatinga.cmdm@gmail.com ;
MG;Iraí de minas;Conselho Municipal dos Direitos da Mulher de Iraí de Minas;Rua Manoel Cardoso Naves, 775 - Centro - Iraí de Minas/MG; 38.510-000; (34) 3845-1791; ireneboresroma@hotmail.com ;
MG;Itabira;Conselho Municipal dos Direitos da Mulher de Itabira;Avenida Carlos de Paula Andrade, 135 - Centro - Itabira/MG; 35.900-206; (31) 3839-2478;;
MG;Itajubá;Conselho Municipal dos Direitos da Mulher de Itajubá;Praça Adolfo Olinto, 67 - Palácio 25 de Fevereiro - Rua Atílio Fernandes Leão, 80 - Vista Verde ;37.503-030; (35) 3623-2273/ (35) 3621-2346 ; dinamanafaria@yahoo.com.br;
MG;Itaobim;Conselho Municipal dos Direitos da Mulher de Itaobim;Rua Paraíba, 1439 - Alvorada – Itaobim/MG;; (33) 3734-1457 / (33) 3734-1246; meresantos1@gmail.com;
MG;Ituiutaba;Conselho Municipal dos Direitos da Mulher de Ituiutaba;Rua 24 C/ 19 e 21, nº 1.308 - Centro - Ituiutaba /MG;  38.300-078; (34) 3268-9197 / (34) 9962-6373; conselhomituiutaba@gmail.com;
MG;Jacinto;Conselho Municipal dos Direitos da Mulher de Jacinto;Rua Érico Lemos Leite, 445 - Centro - Jacinto/MG ; 39.930-000; (33) 3723-1514 / (33) 8816-6080;Presidenta: Jackeline Meireles Souza;
MG;Jequitai;Conselho Municipal dos Direitos da Mulher de Jequitai;Rua Francisco Moura Dumont s/n - Centro - Jequitai/MG ; 39.370-000; (38) 3744-1301 / 3744-1453; armebetanialma@hotmail.com;
MG;Jequitinhonha;Conselho Municipal dos Direitos da Mulher de Jequitinhonha;Rua Moacyr Figueiredo de Souza, 138 - Alvorada - Jequitinhonha/MG; 39.960-000; (33) 3741-2777 / (33) 3741-1312 / (33) 3741-1300;;
MG;João Monlevade;Conselho Municipal dos Direitos da Mulher de João Monlevade;Rua Evangelista, 229 – Alvorada;  35.930-024; (31) 3852-3159 / (31) 3851-5831; conselhosjoaomonlevade@yahoo.com.br;
MG;Juiz de Fora;Conselho Municipal dos Direitos da Mulher de Juiz de Fora;Rua Alfred n°450 - 7° andar - Centro ; 36.010-000; (32) 3690-8398; cmdm@tjf.mg.gov.br / polipsi@hotmail.com;
MG;Ladainha;Conselho Municipal dos Direitos da Mulher de Ladainha;Rua Coronel Ribeiro, 73 - Centro ; 39.825-000; (33) 3524-1151; enivitorio@yahoo.com.br;
MG;Lagoa Santa;Conselho Municipal dos Direitos da Mulher de Lagoa Santa;Rua José Salomão Filho, nº 225 - Bairro Brant ; 33.400-000; (31) 3681-3648; nivaalmeida@lagoasanta.mg.gov.br;
MG;Lagamar;Conselho Municipal dos Direitos da Mulher de Lagamar;Praça Magalhães Pinto, 68 – Lagamar/MG;  38.785-000; (34) 3812-1125; asocial@lagamar.mg.gov.br ;
MG;Lavras  ;Conselho Municipal dos Direitos da Mulher de Lavras;Secretaria Municipal de Desenvolvimento Social / Sala dos Conselhos - Avenida Pedro Sales, 27 - Centro ; 37.200-000; (35) 3694-4015 / (35) 8854-8172; saladosconselhos@lavras.mg.gov.b;
MG;Luislândia  ;Conselho Municipal dos Direitos da Mulher de Luislândia;Rua Lindolfo Gonçalves, 505 - Centro - Luislândia/MG ; 39.336-000; (33) 3231-6157; social@luislandia.mg.gov.br ;
MG;Marilac  ;Conselho Municipal dos Direitos da Mulher de Marilac;Rua Lindolfo Gonçalves, 505 - Centro - Marilac/MG ; 35.115-000; (33) 3292-1323; pmmarilac@uol.com.br ;
MG;Medina  ;Conselho Municipal dos Direitos da Mulher de Medina;Rua Lindolfo Gonçalves, 505 - Centro – Medina/MG;  39.620-000; (33) 3753-2970; smasmedina@yahoo.com.br ;
MG;Morada Nova de Minas;Conselho Municipal dos Direitos da Mulher de Morada Nova de Minas;Av. Sebastião Pereira M. Castro, 315 – Centro;  35.628-000; (38) 3755-1177;;
MG;Muriaé;Conselho Municipal dos Direitos da Mulher de Muriaé;Av. Maestro Sansão, 236 - 1º andar - Centro ; 36.880-000; (32) 3696-3373 / (32) 3696-3386; desenvolvimentosocial@muriae.mg.gov.b;
MG;Montes Claros;Conselho Municipal dos Direitos da Mulher de Montes Claros;Av. Cula mangabeira,555 - Sala 6 - Montes Claros/MG ; 39.400-000; (38) 3222-7517; coordenadoriadamulhermoc@hotmail.com;
MG;Nanuque;Conselho Municipal dos Direitos da Mulher de Nanuque;Av. Geraldo Romano, 135 - Nanuque/MG ; 39.860-000; (33) 3621-2436; semasnanuque@yahoo.com.br;
MG;Ninheira;Conselho Municipal dos Direitos da Mulher de Ninheira;Av. Domingos José de Matos 67 - Centro - Ninheira/MG ; 39.553-000; (38) 3832-8335;;
MG;Nova Lima;Conselho Municipal dos Direitos da Mulher de Nova Lima;Rua Tiradentes,38 - Nova Lima/MG ; 34.000-000; (31) 3541-4423 / (31) 3542-5918; cmulhernovalima@yahoo.com.br;
MG;Ouro Branco;Conselho Municipal dos Direitos da Mulher de Ouro Branco;Rua Jose Geraldo, 76 - Centro - Anexo I PMOB - Ouro Branco/MG; 36.420-000; (31) 3742-6034 / (31) 3749-6034;;
MG;Ouro Preto;Conselho Municipal dos Direitos da Mulher de Ouro Preto;Praça Antônio Dias, 05 - Centro - Ouro Preto/MG; 35.400-000; (31) 3559-3248 / (31) 3551-6245; assistenciasocial@ouropreto.mg.gov.br ;
MG;Pará de Minas;Conselho Municipal dos Direitos da Mulher de Pará de Minas;Praça Francisco Torquato, 29 - Centro - Pará de Minas/MG; 35.660-027; (37) 3236-3299; acaosocial@parademinas.mg.gov.br ;
MG;Paracatu;Conselho Municipal dos Direitos da Mulher de Paracatu;Rua Salgado Filho, 615 - Bela Vista - Paracatu/MG ; 38.600-000; (38)3671-1366;;
MG;Patrocínio;Conselho Municipal dos Direitos da Mulher de Patrocínio;Rua Presidente Vargas, 1.280 - Sala 601 - Centro - Patrocínio/MG ; 38.740-000; (34) 3831-1247;;
MG;Perdões;Conselho Municipal dos Direitos da Mulher de Perdões;Rua Governador Valadares, 287 - Centro - Perdões/MG; 37.260-000; (35) 3864-3263; assistenciasocial@perdoesnet.com.br;
MG;Pimenta;Conselho Municipal dos Direitos da Mulher de Pimenta;;; (37) 3324-1303; cmdm@pimenta.mg.gov.br;
MG;Pirapor;Conselho Municipal dos Direitos da Mulher de Pirapora;Av. Otávio Carneiro, nº 223 - Bairro Santo Antônio - Pirapora/MG; 39.270-000; (38) 3741-8621;;
MG;Poços de Caldas;Conselho Municipal dos Direitos da Mulher de Poços de Caldas;Rua Pernambuco, s/nº (Piso Superior do Mercado Municipal) - Bairro Centro - Poços de Caldas/MG;  37.701-021; (35) 3697-5575; casadosconselhospocosdecaldas@mg.gov.br;
MG;Pompéu;Conselho Municipal dos Direitos da Mulher de Pompéu;Rua João Machado, 1020 - Pompéu/MG ; 35.640-000; (37) 3523-2367;Presidenta: Solange Maria de Souza;
MG;Ponto dos Volantes ;Conselho Municipal dos Direitos da Mulher de Ponto dos Volantes;Rua Bela Vista, 140 - Centro - Ponto dos Volantes/MG ; 39.615-000; (33) 3733-8000; jainedrick@yahoo.com.br ;
MG;Pouso Alegre ;Conselho Municipal dos Direitos da Mulher de Pouso Alegre;Rua Ricieri Lima, 567 - São Cristóvão - Ponto dos Volantes/MG; 37.550-000; (35) 3425-6613;;
MG;Ribeirão das Neves;Conselho Municipal dos Direitos da Mulher de Ribeirão das Neves;Rua Libério Augusto Guimarães, 61 - 1º andar - Centro - Ribeirão das Neves/MG ; 33805-020 ; (31) 3627-5617 / (31) 3627-5628 ;Presidenta: Denise Aleixo Avelar;
MG;Rio Pardo de Minas;Conselho Municipal dos Direitos da Mulher de Rio Pardo de Minas;Rua Osório Batista,74 - Cidade Alta - Rio Pardo de Minas/MG ; 39.530-000 ; (38) 3824-1824 ; conselhomulherrpm@yahoo.com.br ;
MG;Sabará;Conselho Municipal dos Direitos da Mulher de Sabará;Rua São Francisco nº 331 - Bairro Centro – Sabará/MG;  34.505-100 ; (38) 3671-4572; conselhodamulher@sabara.mg.gov.br;
MG;Salina;Conselho Municipal dos Direitos da Mulher de Salinas;Rua João Ribeiro, nº 28 - Centro - Salinas/MG ; 39.560-000 ; (38) 3841-2145;Presidenta: Aguardando Eleições;
MG;Santa Luzia;Conselho Municipal dos Direitos da Mulher de Santa Luzia;Av. Oito, 50 - Frimisa (Carreira Comprida) - santa Luzia/MG ; 33.045-090; (31) 3641-4966;Presidenta: Maria das Dores de Souza;
MG;Santa Rita de Caldas;Conselho Municipal dos Direitos da Mulher de Santa Rita de Caldas;;; (35) 9726-6731 / (35) 3734-1583;;
MG;Santana do Paraíso;Conselho Municipal dos Direitos da Mulher de Santana do Paraíso;Av.  Minas Gerais, 584 - Bairro Josefino Anicio - Santana do Paraíso/MG;; (31) 8841-3680 / (31) 8251-5464; cleidianestoffel@outlook.com;
MG;Santo Antônio do Jacinto;Conselho Municipal dos Direitos da Mulher de Santo Antônio do Jacinto;Rua Beira Rio nº 266 - Centro - Santo Antônio do Jacinto/MG;  39.935-000; (33) 3747-1026; sascialsaja@yahoo.com.br ;
MG;Santos Dumon;Conselho Municipal dos Direitos da Mulher de Santos Dumont;Av. Presidente Getúlio Vargas,330 - Centro - Santos Dumont/MG; 36.240-000; (32) 3251-5358 / (32) 9112-9964 ;;
MG;São Bras do Suassu;Conselho Municipal dos Direitos da Mulher de São Bras do Suassuí;;; (31) 3738-1410 / (31) 9909-32166;;
MG;São Gotard;Conselho Municipal dos Direitos da Mulher de São Gotardo;Rua Maria Coeli Franco Nº 13 - São Gotardo/MG;  38.800-000 ; (34) 3671-1740;Presidenta: Gracele Patrícia Araújo;
MG;São João Del Rey;Conselho Municipal dos Direitos da Mulher de São João Del Rey;Rua Salomão Batista de Souza, 10 - Bairro Matozinhos - São João Del Rey/MG ; 36.305-044 ; (32)3379-1527; cmassjdr@yahoo.com.br ;
MG;São João Evangelist;Conselho Municipal dos Direitos da Mulher de São João Evangelista;Rua Monsenhor Pinheiro, 279 - Centro - São João Evangelista/MG; 39.705-000; (33) 3421-1984 / (33) 8866-0303;;
MG;São Lourenço;Conselho Municipal dos Direitos da Mulher de São Lourenço;Praça Duque de Caxias,61 - 1º Andar - Sala dos Conselhos - São Lourenço/MG; 37.470-000; (35) 3339-2760;;
MG;Sarzedo;Conselho Municipal dos Direitos da Mulher de Sarzedo;Rua Antônio Ricardo da Silva, 48 - Vila Satélite - Sarzedo/MG; 32.450-000; (31) 3577-7729 / (31) 3577-8916;;
MG;Sete Lagoas;Conselho Municipal dos Direitos da Mulher de Sete Lagoas;Rua Leopoldina, 326 - Papa Vento - Sete Lagoas/MG ; 33.400-000; (31) 3779-7000; digitacaosmjs@yahoo.com.br ;
MG;Taiobeiras;Conselho Municipal dos Direitos da Mulher de Taiobeiras;Praça da Matriz, 145 - Centro - Taiobeiras/MG ; 39.550-000; (38) 3845-2160 / (38) 3845-1157  ; gabinete@taiobeiras.mg.gov.br ;
MG;Timóteo;Conselho Municipal dos Direitos da Mulher de Timóteo;Av. Acesita, nº 1.596 - Bairro Primavera - Timóteo/MG ; 35.182-452; (31) 3847-7849;;
MG;Teófilo Oton;Conselho Municipal dos Direitos da Mulher de Teófilo Otoni;Av. Luiz Boali Porto Salman, 230 - Centro - Teófilo Otoni/MG ; 39.802-900; (33) 3529-2229; assistenciasocial@teofilootoni.mg.gov.br ;
MG;Três Coraçõe;Conselho Municipal dos Direitos da Mulher de Três Corações;Rua Ce. Alfredo Silva,57 - Centro - Três Corações/MG ; 37.410-000; (35) 3691-1010 / (35) 3691-1160; cmdm@trescoracoes.mg.gov.br ;
MG;Três Marias;Conselho Municipal dos Direitos da Mulher de Três Marias;Rua Guarapari, 02 - Bairro JK - Três Marias/MG ; 39.205-000; (38) 3754-5638 / (38) 3754-7009; centraldeconselhos@tresmarias.mg.gov.br ;
MG;Uberaba;Conselho Municipal dos Direitos da Mulher de Uberaba;Av. Dom Luís Maria Santana, 141 - Santa Marta - Uberaba/MG; 38.061-080; (34) 9682-7068 / (34) 3318-0656;;
MG;Uberlândia;Conselho Municipal dos Direitos da Mulher de Uberlândia;Rua Duque de Caxias, nº 50 - Centro – Uberlândia/MG;  38.400-142; (34) 3235-9559; cmmulher@uberlandia.mg.gov.br ;
MG;Unaí;Conselho Municipal dos Direitos da Mulher de Unaí;Rua Calixto Martins de Melo n.º 230 - Centro – Unaí/MG;  38.610-000; (38) 3677-4986; social@prefeituraunai.mg.gov.br;
MG;Várzea de Palma;Conselho Municipal dos Direitos da Mulher de Várzea de Palma;Av. Adelino Aguiar n°320 - Caiçara - Várzea de Palma/MG;  39.020-000; (38) 3731-3517;;
MG;Varginha;Conselho Municipal dos Direitos da Mulher de Varginha;Av. Ana Jacinta, 719 - Bom Pastor - Varginha/MG ; 37.014-214; (35) 3222-1761; conselhodamulhervga@ig.com.br;
MG;Vespasiano;Conselho Municipal dos Direitos da Mulher de Vespasiano;Rua São Paulo, Nº 50 - Bairro Célvia – Vespasiano/MG; 33.200-000; (31) 3621-2938;;
MG;Virginópolis;Conselho Municipal dos Direitos da Mulher de Virginópolis;Rua São José, 50 - Centro – Virginópolis/MG; 39.730-000; (33) 3416-1260 ; assistentesocialvgp@hotmail.com;
Minas Gerais;Todos;;;;;;93
MS;Campo Grande;Conselho Estadual dos Direitos da Mulher do Mato Grosso do Sul;Rua Marechal Cândido Rondon,713 - Sala 11 – Centro;  79.002-200; (67) 3382-8224 / (67) 3321-3228;;
MS;Aquidauana;Conselho Municipal da Mulher de Aquidauana;Rua Honório Simões Pires, 618 - Vila Cidade Nova ; 79.200-000; (67) 3241-2398 / (67) 9936-4589; conselhosmas.aquidauana@gmail.com;
MS;Batayporã;Conselho Municipal da Mulher - Batayporã;Avenida Brasil, 1069 ; 79.760-000; (67) 3443-1211 / (67) 3443-1885; coordenadoriadamulherbataipora@bol.com.br;
MS;Campo Grande;Conselho Municipal dos Direitos da Mulher de Campo Grande/MS ;Rua Hélio de Castro Maia nº 279 - Bairro Jardim Paulista - CAOC ;  79.050 020 ;  (67) 3314-5174 / (67) 3314-5189;"
 deborabranquinha@hotmail.com";
MS;Corumbá;Conselho Municipal dos Direitos da Mulher de Corumbá/MS Rua Antônio Maria Coelho, 1000 - Centro - Corumbá/MS ;; 79.300-000  ; (67) 3907-5432 / (67) 3907-5437 ;;
MS;Dourados;Conselho Municipal dos Direitos da Mulher de Dourados; Rua Onofre Pereira de Mattos, 2420 - Centro ;79.802-011;  (67) 3411-7144;"
 conselhos.dourados@dourados.ms.gov.br";
MS;Maracajú;Conselho Municipal dos Direitos da Mulher de Maracajú; Rua Appa nº 120 - Bairro Centro ;79.150-000;  (67) 3454-1320 / (67) 3454-3022;"
 assistenciasocial@maracaju.ms.gov.br";
MS;Naviraí;Conselho Municipal dos Direitos da Mulher de Naviraí;Rua José Bonifácio, nº 21 - Bairro Centro ;;;;
MS;Nova Alvorada do Sul;Conselho Municipal dos Direitos da Mulher Nova Alvorada do Sul;Rua Antônio Carlos Barbosa, nº 1195 - Bairro Clotilde Martins;  79.140-000; (67) 3456-2321; assistenciasocial@novaalvoradadosul.ms.gov.br;
MS;Nova Andradina;Conselho Municipal dos Direitos da Mulher Nova Andradina;Rua Santa Lúcia 1058 ; 79.750-000; (67) 8468-8516 / (67) 3441-7600; jozelichulli@hotmail.com;
MS;Santa Rita do Rio Pardo;Conselho Municipal dos Direitos da Mulher de Santa Rita do Rio Pardo;Rua Marechal Floriano Peixoto, nº 910 - Bairro Centro ; 79.690-000; (67) 3591-1376 / (67) 9931-5233; conselhomulhersrp@hotmail.com;
MS;São Gabriel do Oeste;Conselho Municipal de Defesa dos Direitos da Mulher de São Gabriel do Oeste;Rua Martimiano Alves Dias, nº 1211 - Sala 08 - Bloco D - Centro; 79.490-000; (67) 3295-4177;Presidenta: Elvira Leite Teixeira ;
MS;Três Lagoas ;Conselho Municipal dos Direitos da Mulher de Três Lagoas;Avenida Clodoaldo Garcia, 2355 - Vila Haro;  79.600-000; (67) 3929-1292 / (67) 3929-9887; aeas@treslagoas.ms.gov.br;
MS;Ponta Porã;Conselho Municipal dos Direitos da Mulher;Rua Guia Lopes,633 ; 79.900-000; (67) 3431-6353; eley1927@hotmail.com;
MT;Cuiabá ;Conselho Estadual dos Direitos da Mulher de Mato Grosso;Avenida Historiador Rubens de Mendonça, nº 2.254 - Edifício American Business Center ; 78.010-000; (65) 9911-2806 / (65) 3613-8360;;
MT;Alta Floresta;Conselho Municipal dos Direitos da Mulher de Alta Floresta;R. Fagundes Varella, 169 - Setor J ; 78.580-000; (66) 3903-1243 / (66) 9639-3913; isaroch2@hotmail.com;
MT;Cuiabá;Conselho Municipal dos Direitos da Mulher de Cuiabá - MT;Rua Régis Bitencourt, nº 384 - Porto (provisoriamente funcionando na Sec. De Assistência Social) ; 78.020-710; (65) 9971-7888 / (65) 9903-7787; cristiane.rm@hotmail.co;
MT;Diamantino;Conselho Municipal dos Direitos da Mulher de Diamantino;Av. J.F. Mendes S/N - Centro ; 78.400-000; (65) 3336-1259 / (65) 9283-9191; lulucianna@hotmail.com;
MT;Juína;Conselho Municipal dos Direitos da Mulher de Juína;Av. das Andorinhas - Bairro Módulo 4 ; 78.320-000; (65) 3566-2953 / (65) 3566-5799; creasjuina@hotmail.com;
MT;Lucas do Rio Verde;Conselho Municipal dos Direitos da Mulher de Lucas do Rio Verde;Av. América do Sul, 2500-S - Parque dos Buritis ; 78.455-000; (65) 3549-2319 / (65) 9633-3913; jocilene.scopel@gmail.com;
MT;Matupá;Conselho Municipal dos Direitos da Mulher de Matupá;Rua 01 - Nº 24 - Bairro Centro ; 78.525-000;; cmsmatupa@gmail.com;
MT;Rondonópolis;Conselho Municipal dos Direitos da Mulher de Rondonópolis - MT;Avenida Presidente Prudente, 969 - Vila Goulart ; 78.700-000; (66) 3411-5005 / (66) 9984-8550 ;;
MT;Sorriso;Conselho Municipal dos Direitos da Mulher de Sorriso - MT;Avenida Porto Alegre 2525 – Centro - Sorriso/MT; 78.890-000; (66) 3545-4700;;
MT;Várzea Grande;Conselho Municipal dos Direitos da Mulher de Várzea Grande;Rua Poeta Belmiro Braga, 09 – Centro;  78.110-000; (65) 8419-0064 / (65) 3688-3088 ; dulceregina8@gmail.com;
PA;Belém;Conselho Estadual dos Direitos da Mulher do Pará;Rua 28 de setembro, 339 - Comércio – Pará/PA;  66.010-100; (91) 4009-2727 / (91) 4009-2718; cedmulher@yahoo.com.br;
PA;Abaetetuba;Conselho Municipal dos Direitos da Mulher de Abaetetuba;Pass. Humberto Parente, S/N - Casa dos Conselhos - Centro – Abaetetuba/PA;  68.440-000 ; (91) 3751-3767;;
PA;Alenquer;Conselho Municipal dos Direitos da Mulher de Alenquer;Colômbia no Marvão,816 – Aningal - Alenquer/PA ; 68.200-000; (93) 3526-1644 / (93) 526-1354;;
PA;Anajás;Conselho Municipal dos Direitos da Mulher de Anajás;Av. Pedro José da Silva, s/nº - Centro - Anajás/PA ; 68.810-000 ; (91) 3605-1334; prefeituradeanajas@pop.com.br;
PA;Belterra;Conselho Municipal dos Direitos da Mulher de Belterra;Vila Piquiá, nº 639 - Centro – Belterra/PA;  68.143-000 ; (93) 3558-1540 / (93) 3558-1177 ; ane.belt@hotmail.com;
PA;Bragança;Conselho Municipal da Condição Feminina de Bragança;;; (91) 3425-2099; semtrapsbrag@yahoo.com.br;
PA;Breves;Conselho Municipal dos Direitos da Mulher de Breves;Rua Dr. Assis, s/nº - Centro – Breves/PA;  68.800-970; (91) 8141-0912 / (91) 9145-2480; cmdmbrevs@yahoo.com.br;
PA;Cametá;Conselho Municipal dos Direitos da Mulher de Cametá;Rua Gentil Bitencourt, 01 - Centro – Cametá/PA;  68.400-000; (91) 3781-1597 / (91) 3781-1240 ;;
PA;Capanema;Conselho Municipal dos Direitos da Mulher de Capanema;Rua D. Pedro II, s/nº - Centro – Capanema/PA;  68.700-000; (91) 9112-3503; semascapanema@yahoo.com.br;
PA;Castanhal;Conselho Municipal dos Direitos da Condição Feminina de Castanhal;Casa dos Conselhos - Rua Antônio Torpino, 211 - Saudade – Capanema/PA;  68.745-000; (91) 37211074; marcianeris@yahoo.com.br;
PA;Irituia;Conselho Municipal dos Direitos da Mulher de Irituia;Rua Siqueira Mendes, s/nº - (Secretaria de Trabalho e Promoção Social) – Irituia/PA;  68.655-000; (91) 3443-1106 / (91) 9912-8493; sentepef.irituia@hotmail.com;
PA;Jacundá;Conselho Municipal da Condição Feminina de Jacundá;Rua Bianor Paixão - Quadra 01 - Casa 15 - Centro - Jacundá/PA; 68.590-000; (94) 3345-1935;;
PA;Juruti;Conselho Municipal dos Direitos da Mulher de Juruti;Av. Marechal Rondon, s/nº - Bom Pastor - Juruti/PA ; 68.170-000; (93) 3536-1139 / (93) 3536-1256 ;;
PA;Melgaço;Conselho Municipal dos Direitos da Mulher de Melgaço;Av. Senador Lemos, 1737 - Centro – Melgaço/PA;  68.490-000; (91) 3637-1295 / (91) 3637-1309;;
PA;Moju;Conselho Municipal dos Direitos da Mulher de Moju;Rua 31 de Março, 140 - Centro – Moju/PA;  68.450-000; (91) 3756-1331 / (91) 3756-1377; nascialmeida@yahoo.com.br;
PA;Ourém;Conselho Municipal da Condição Feminina de Ourém;Travessa Lázaro Picanço, 110 - Centro – Ourém/PA;  68.640-000; (91) 8119-6751; crasourem@yahoo.com.br;
PA;Ourilândia do Norte;Conselho Municipal dos Direitos da Mulher de Ourilândia do Norte;PA-279 - km 150 - Lote 04 - Ourilândia do Norte/PA;  68.390-000. ; (94) 3434-1255 / (94) 3434-1112; secpromocaosocialourilandia@yahoo.com.br;
PA;Paragominas;Conselho Municipal dos Direitos da Mulher de Paragominas;Cartório de 1º e 2º Oficio Modelo II - Bairro Cidade Nova - Paragominas/PA;; (91) 3225-3288;;
Pará;Todos;;;;;;18
Paraíba;Todos;;;;;;5
Paraná;Todos;;;;;;9
PB;João Pessoa;Conselho Estadual dos Direitos da Mulher da Paraíba;Rua: João Machado, 549 - Ed. Empresarial Plaza Center - Sala 703 - Centro;; (83) 3221-8230  ;;
PB;Bayeux;Conselho Municipal dos Direitos da Mulher de Bayeux;;; (83) 8780-7643; ritadecassiajesusalves@gmail.com;
PB;Guarabira;Conselho Municipal dos Direitos da Mulher de Guarabira;;; (83) 3271-7535 / (83) 8836-9740; euzelma@hotmail.com;
PB;Sousa;Conselho Municipal dos Direitos da Mulher de Sousa;Rua Doutor José Gadelha s/n - Centro de Sousa ; 58.803-760; (83) 98713-8182 / (83) 99664-6793; elianagadelha2011@gmail.com;
PB;Sumé;Conselho Municipal dos Direitos da Mulher de Sumé;;; (83) 3353-2274 / (83) 3353-2131; jeandroamorim@yahoo.com.br;
PE;Recife;Conselho Estadual dos Direitos da Mulher de Pernambuco – CEDIM/PE;Avenida Alfredo Lisboa nº 188 - 2º andar - Recife Antigo - Bairro do Recife; 50.100-350; (81) 3183-2999 / (81) 3183-2953 ;;
PE;Altinho;Conselho Municipal dos Direitos da Mulher no Município de Altinho;Rua Barão de Contendas, nº 135 – Centro;  55.490-000; (81) 3739-1118 / (81) 9502-8642; silevsaltinho@hotmail.com;
PE;Afrânio;Conselho Municipal dos Direitos da Mulher de Afrânio;Av. Francisco Rodrigues, 203 - Centro - Afrânio/PE ; 56.360-000; (87) 3868-1199 / (87) 8863-9854 ;secmulher.afranio@bol.com.br;
PE;Agrestina;Conselho Municipal dos direitos da Mulher de Agrestina;Casa dos Conselhos Rua 04 de outubro - Centro - Agrestina/PE;; (81) 9790-9990; andreza.santosanny@hotmail.com;
PE;Água Preta;Conselho Municipal dos Direitos da Mulher de Água Preta;Rua Siqueira Campos, 3081 - Centro - Água Preta/PE;; (81) 9815-5992 ; cmdmaguapreta@hotmail.com;
PE;Belo Jardim;Conselho Municipal dos Direitos da mulher de Belo Jardim;Av. Deputado José Mendonça Bezerra,220 - Centro;; (81) 3726-8711; secmulherbj@hotmail.com;
PE;Bom Jardim;Conselho Municipal da Mulher de Bom Jardim;Rua Manoel Augusto, s/n - Centro - Bom Jardim/PE;  55.730-000; (81) 3638-1156;;
PE;Bonito;Conselho Municipal dos Direitos da Mulher de Bonito;Rua Misael Galindo s/n – Centro;  55.680-000; (81) 9537-7950 / (81) 9602-6550; andrezaapimentel@hotmail.com;
PE;Bodocó;Conselho Municipal dos Direitos da Mulher de Bodocó;Rua Dr. João Pessoa, s/n. Centro – Bodocó/PE;  56.220-000; (87) 3878-1156; vivianfontinelle@hotmail.com;
PE;Cabo de Santo Agostinho;Conselho Municipal dos Direitos da Mulher de Cabo de Santo Agostinho;Rua Major Jose Paulo, 138 - Centro - Cabo de Santo Agostinho/PE; 54.505-250; (81) 3524-9107 / (81) 3524-9072;;
PE;Camaragibe;Conselho Municipal da Mulher de Camaragibe;Casa dos Conselhos - Rua dos Projetistas, 102 - Timbi - Camaragibe/PE; 54.768-690; (81) 3458-3645 / (81) 8700-1392;;
PE;Caruaru;Conselho Municipal da Mulher de Caruaru;Av. Rio Branco, 315 - 2º andar - Centro – Caruaru/PE;  55.000-000; (81) 3721-7445 / (81) 9215-1013; cmmcaruaru@gmail.com;
PE;Catende;Conselho Municipal dos Direitos da Mulher de Catende;Praça Costa Azevedo, s/n - Centro (ao lado da prefeitura) - Catende/PE; 55.400-000; (81) 8831-2325;;
PE;Cupira;Conselho Municipal de Defesa dos Direitos da Mulher de Cupira;Rua José Veríssimo de Souza, s/nº - Centro - Cupira/PE ; 55.460-000; (81) 3738-2567 / (81) 9208-5948; sec.mulher_cupira@hotmail.com;
PE;Ingazeira;Conselho Municipal dos Direitos da Mulher do Município de Ingazeira;Rua Albino Feitosa, n°37 – Ingazeira/PE;  56.830-000; (87) 8801-0522 / (87) 8828-7636;;
PE;Igarassu;Conselho Municipal dos Direitos da Mulher do Município de Igarassu;Rua Joaquim Nabuco, nº 80 - Centro - Igarassu/PE ; 53.600-000; (81) 3545-3849; coordmulher@igarassu.pe.gov.br;
PE;Iguaracy;Conselho Municipal dos Direitos da mulher do Município de Iguaracy;Rua Hercílio de Carvalho Veras, 25 - Centro ; 56.840-000; (87) 8826-6445 / (87) 8804-3282; danielalins24@hotmail.com;
PE;Ipojuca;Conselho Municipal dos Direitos da Mulher de Ipojuca;Rua do comércio, nº 232 - Sede;; (81) 9126-3793 / (81) 9299-5171; secmulher.ipojuca@gmail.com;
PE;Jaboatão dos Guararapes;Conselho Municipal dos Direitos da Mulher de Jaboatão dos Guararapes;Av. Zequinha Barreto, 06 - Massangana - Piedade - Jaboatão dos Guararapes/PE;  54.400-090; (81) 3342-7776 / (81) 8615-8316;;
PE;Jatobá;Conselho Municipal dos Direitos da Mulher de Jatobá;Rua Bom Jardim, nº 01 - Centro – Jatobá/PE;  56.470-000; (87) 3851-3116; cmdm.jatoba@gmail.com;
PE;Joaquim Nabuco;Conselho Municipal dos Direitos da Mulher de Joaquim Nabuco;Praça Dom Luiz de Brito, 10 – Centro;  55.530-000; (81) 3682 1144/ (81) 3682-1156;;
PE;Lagoa dos Gatos;Conselho Municipal da Mulher de Lagoa dos Gatos;Rua Laudelina de Morais Bento s/n - Vila Cipó ; 55.540-000; (81) 8158-5379 / (81) 9202-2298; mille.social@hotmail.com;
PE;Limoeiro;Conselho Municipal da Mulher de Limoeiro;Praça Comendador Pestana, nº 113 - Centro ; 55.700-000; (81) 9619-1592 / (81) 8894-1732; coordenadoriadamulher@limoeiro.pe.gov.br;
PE;Moreno;Conselho Municipal da Mulher do Município de Moreno;Av. Cleto Campelo, 3149 - 1º andar - Centro – Moreno/PE;  54.800-000; (81) 9980-1220 / (81) 9383-5870; assessoriammulher@hotmail.com;
PE;Olinda;Conselho Municipal dos Direitos da Mulher de Olinda;Avenida Getúlio Vargas, nº 536 - Bairro Novo;  53.030-010; (81) 3439-1477 / (81) 8752-6605;;
PE;Palmares;Conselho Municipal dos Direitos da Mulher de Palmares;Rua da Palma, nº 79 - Centro - Palmares/PE, próximo ao Hotel Luar Palace; 55.540-000; (81) 8729-9909 / (81) 9691-9158;;
PE;Panelas;Conselho Municipal dos Direitos da Mulher do Município de Panelas;Rua Dr. Manoel Borba, s/nº, ao lado da antiga sede da secretaria de Educação, Sala 02 - Centro – Panelas/PE;  55.470-000; (81) 3691-1933 / (81) 9696-1177; rosammesquita@gmail.com;
PE;Passira;Conselho Municipal dos Direitos da Mulher do Município de Passira;Rua da Matriz, 114 A - Centro – Passira/PE;  55.650-000; (81) 3651-1156; cidalaurentino4513@hotmail.com;
PE;Pesqueira;Conselho Municipal dos Direitos da Mulher do Município de Pesqueira;Av. Adalberto de Freitas, s/nº ; 55.200-000; (87) 3835-1854 / (87) 9999-6012; adriana-miranda2013@hotmail.com;
PE;Petrolina;Conselho Municipal dos Direitos da Mulher de Petrolina;Rua das Laranjeiras, 67, Centro – Petrolina/PE;  56.304-250; (87) 8829-9472 / (87) 3863-9044 ; rosi2872@hotmail.com;
PE;Petrolândia;Conselho Municipal dos Direitos da Mulher do Município de Petrolândia;Av. José Gomes de Avelar, s/nº - Quadra 01 - Centro - Petrolândia/PE; 56.460-000; (87) 3851-2321 / (87) 3851-1156;;
PE;Paudalho;Conselho Municipal das Mulheres do Município de Paudalho;Avenida Raul Bandeira, nº 32 – Centro;  55.825-000.; (81) 9746-1177 / (81) 8601-8697; mazeptpe@gmail.com;
PE;Pombos;Conselho municipal dos Direitos das Mulheres de Pombos;Avenida Joaquim falcão, 109 - Centro ; 55.630-000; (81) 3536-1213; prefeituradepombospe@gmail.com ;
PE;Quipapá;Conselho Municipal dos Direitos da Mulher de Quipapá;Av. João de Moraes Andrade, s/n - Centro – Quipapá/PE;  55.415-000; (81) 8935-8913 / (81) 9536-8609; comu_quipapa@hotmail.com;
PE;Recife;Conselho Municipal dos Direitos da Mulher de Recife;Pátio do Carmo Edifício Igarassu, nº 30 - Salas 1303/1304 ; 50.010-170; (81) 3355-3178 / (81) 9433-7454; queiroz.nataly@gmail.com;
PE;Ribeirão;Conselho Municipal dos Direitos da Mulher de Ribeirão;Av. Mário Domingues, 876 - Anexo a SESP - Ribeirão/PE ; 55.520-000; (81) 8500-7435 / (81) 8736-9895 ; secmulhersheila@hotmail.com;
PE;São Bento do Una;Conselho Municipal dos Direitos da Mulher de São Bento de Una;;; (87) 3735-0701;;
PE;São José do Belmonte;Conselho Municipal dos Direitos da Mulher de São José do Belmonte;Rua Augusto Zacarias da Silva, 10 – Centro;  56.950-000; (87) 3884-1156; goretti-carneiro@hotmail.com;
PE;São José do Egito;Conselho Municipal dos Direitos da Mulher de São José do Egito;Rua João Pequeno, s/nº – Centro;  56.700-000; (87) 3844-1050 / (87) 9613-0504; diretoriadamulhersje@hotmail.com;
PE;São Lourenço da Mata;Conselho Municipal dos Direitos da Mulher de São Lourenço da Mata ;Rua Severino Leite Amazonas, nº 62 - Centro - São Lourenço da Mata/PE.;; (87) 8428-1400 / (87) 3519-3713; cleolucena12@hotmail.com;
PE;Santa Cruz do Capibaribe;Conselho Municipal dos Direitos da Mulher de Santa Cruz do Capibaribe;Rua José Moraes da Silva, 196 -  Centro - Santa Cruz do Capibaribe/PE; 55.190-000; (81) 3759-8833 / (81) 9709-5776;;
PE;Santa Terezinha;Conselho Municipal dos Direitos da Mulher de Santa Terezinha;Rua Antônio Ferreira da Silva, nº 119;  56.750-000; (87) 3859-1156; coord_mulherst@hotmail.com;
PE;Serra Talhada;Conselho Municipal dos Direitos da Mulher de Serra Talhada;Coronel Cornélio Soares, 427 - Centro - Serra Talhada/PE;  56.903-440 ; (87) 3831-5871  ; cmdm_st@hotmail.com;
PE;Tracunhaém;Conselho Municipal dos Direitos da Mulher de Tracunhaém;Avenida Sete de Setembro, s/nº - Centro – Tracunhaém/PE;  55.805-000; (81) 3646-1122 / (81) 3436-6870; secmulhertracunhaem@bol.com.br;
PE;Verdejante;Conselho Municipal dos Direitos da Mulher de Verdejante;Praça Raimundo Targino Ferreira Nº 22 - Centro - Verdejante/PE ; 56.120-000; (87) 3886-1156 / (87) 9962-6080;Presidenta: Socorro Siqueira;
PE;Vicência;Conselho Municipal dos Direitos da Mulher do Município de Vicência;Rua Deuclides de Andrade Lima, n.º 47;  55.850-000; (81) 3641-1725 / (81) 9727-4020; alcionecarneirom@hotmail.com;
PE;Vitória de Santo Antão;Conselho Municipal dos Direitos das Mulheres de Vitória de Santo Antão;Rua Capitão Mateus Ricardo, nº 51- Livramento Vitória de S. Antão/PE; 55.602-260; (81) 3523-2797 / (81) 8886-7268;;
Pernambuco;Todos;;;;;;47
PI;Teresina ;Conselho Estadual dos Direitos da Mulher do Estado do Piauí;Rua Nogueira Tapety, Nº 138 - 1º Andar Prédio da Defensoria Pública - Bairro dos Noivos;  64.046-020; (86) 3233-3188 / (86) 9911-1111;;
PI;Teresina;Conselho Municipal dos Direitos da Mulher de Teresina;Rua Desembargador Freitas, 1599 – Teresina/Piauí;  64.000-060 ;; cmdm.the@gmail.com;
Piauí;Todos;;;;;;2
PR;Curitiba ;Conselho Estadual dos Direitos da Mulher do Paraná;Palácio das Araucárias - Rua Jacy Loureiro de Campos s/n - Térreo - Ala C; 80.530-915; (41) 3221-7243 / (41) 9633-2121;;
PR;Apucarana;Conselho Municipal dos Direitos da Mulher de Apucarana;Castro Alves, n.º 1629 - Jardim América ; 86.807-340; (43) 3422-4479 / 08006454479;secmulher@apucarana.pr.gov.br;
PR;Cascavel;Conselho Municipal dos Direitos da Mulher de Cascavel;Rua Paraná nº 5000 - Prefeitura Municipal de Cascavel ; 85.807-900; (45) 3321-2364 / (45) 9952-2777; ines.depaula@cascavel.pr.gov.br;
PR;Itambé;Conselho Municipal dos Direitos da Mulher de Itambé;Rua Expedicionário, nº 745 ; 81.175-000; (44) 3231-1222 / (44) 8834-6838; vereadoraluci@hotmail.com;
PR;Jacarezinho;Conselho Municipal dos Direitos da Mulher de Jacarezinho;Rua Costa Júnior, 1065 – Centro;  86.400-000; (43) 3911-3132; cdosdireitosdamulher@yahoo.com.br;
PR;Lapa;Conselho Municipal dos Direitos da Mulher de Lapa PR;Avenida Aloísio Leoni, nº 154 - Bairro: Centro;  83.750-000; (41) 3911-1075 / (41) 3911-1041; conselhosmunicipaislapa@yahoo.com.br;
PR;Londrina;Conselho Municipal dos Direitos da Mulher – Londrina;Avenida Luiz Rosseto, nº 317 - Bairro: Aeroporto ; 86.039-180; (43) 3341-0024; mulher@londrina.pr.gov.br;
PR;Paranaguá;Conselho Municipal dos Direitos da Mulher de Paranaguá;Rua Marechal Deodoro, nº 162 - Centro Histórico;  83.203-040; (41) 3420-2906 / (41) 9728-2154; rosangela.semas@pmpgua.com.br;
PR;Pitanga;Conselho Municipal dos Direitos da Mulher de Pitanga;Rua Caetano Munhoz da Rocha, 470 ; 85.200-000; (42) 3646-1865; crampitangapr@hotmail.com;
Rio de Janeiro;Todos;;;;;;22
Rio Grande do Norte;Todos;;;;;;2
Rio Grande do Sul;Todos;;;;;;47
RJ;Rio de Janeiro ;Conselho Estadual dos Direitos da Mulher do Rio de Janeiro - CEDIM;Rua Camerino nº 51 - Centro - Rio de Janeiro/RJ;   20.080-011; (21) 2334-9513 / (21) 2334-9508;;
RJ;Araruama ;Conselho Municipal dos Direitos da Mulher de Araruama;Av. Brasil 480 - Parque Hotel - Centro - Araruama/RJ;; (22) 8822-8009 / (22) 2665-3131; setidh@gmail.com / cemavon@uninet.com.br;
RJ;Barra do Piraí;Conselho Municipal da Mulher de Barra do Piraí;Rua dos Pracinhas, nº 65 - Centro de Piraí/RJ ; 27.135-130; (24) 2442-6038 / (24) 2401-8041  ;conselho.assistenciasocial@barradopirai.rj.gov.br;
RJ;Campo dos Goytacazes;Conselho Municipal da Mulher de Campo dos Goytacazes;Alberto Torres - Ed. Luiz Gualda Junior, 371 - 11º Andar - Sala 1106 - Campo de Goytacazes/MG;; (22) 9927-1524  ; condimcampos@bol.com.br;
RJ;Duque de Caxias;Conselho Municipal da Mulher de Duque de Caxias;Rua Manuel Vieira, s/nº - Centenário - Duque de Caxias/RJ ;; (21) 3673-3260 / (21) 2672-6667 ;departmulher@yahoo.com.br;
RJ;Guapimirim;Conselho Municipal da Mulher de Guapimirim;Rua Mario Alves, nº 26 - Centro - Guapimirim/RJ ; 25.940-000 ; (21) 2632-8161; cmasguapimirim@yahoo.com.br;
RJ;Japeri;Conselho Municipal dos Direitos da Mulher de Japeri;Av. São João Evangelista, s/nº - Centro - Engenheiro Pedreira - Japeri/RJ; 26.435-970; (21) 2664-1897 / (21) 9173-0391;;
RJ;Macaé;Conselho Municipal dos Direitos da Mulher de Macaé;Rua Travessa Ari Schueller Pimentel nº 25, Centro - Macaé/RJ;; (22) 2796-1300 / (22) 2796-1546; comdimmacae@yahoo.com.br / janeroriz@macae.rj.gov.br;
RJ;Maricá;Conselho de mulheres de Maricá;Rua Alcebides Alves de Matos, 229 - Centro - Maricá/RJ ;; (21) 3731-5636 / (21) 9700-0290; mulher@marica.rj.gov.br / spmulheresmarica@yahoo.com.br;
RJ;Nilópolis;Conselho Municipal dos Direitos da Mulher de Nilópolis;Rua Antônio João Mendonça, 65 - Centro - Nilópolis/RJ ;; (21) 2692-4985 / (21) 2692-5260 ; lucianamoreira.cidadania@gmail.com / cmdm.nilopolis@gmail.com;
RJ;Niterói;Conselho Municipal dos Direitos da Mulher de Niterói ;Rua Cônsul Francisco Cruz n° 49 - Centro – Niterói/RJ;  24020-270; (21) 2719-3047 / (21) 2620-1993; codimniteroi@gmail.com / mulher@niteroi.rj.gov.br;
RJ;Nova Friburgo;Conselho Municipal dos Direitos da Mulher de Nova Friburgo;Rua José Tessarollo Santos, 70 - Centro - Paissandu - Nova Friburgo/RJ; 28.625-140; (22) 2543-6012 / (22) 9818-3449; cmdm.nf@gmail.com;
RJ;Nova Iguaçu;Conselho Municipal dos Direitos da Mulher de Nova Iguaçu;Av. Nilo Peçanha, 476 - Centro - Nova Iguaçu/RJ;; (21) 2698-2562; ccmunicipais@gmail.com;
RJ;Paracambi;Conselho Municipal dos Direitos da Mulher de Paracambi;Rua São Pedro, s/n - Guarajuba – Paracambi/RJ;  26.600-000; (21) 3693-4685 / (21 ) 2683-2247; milenamuniz@hotmail.com ;
RJ;Piraí;Conselho Municipal dos Direitos da Mulher de Piraí;Rua Quinze de Novembro - Apartamento 102 - Centro - Piraí/RJ ;; (24) 2431-3256; cmdimpirai.rj@hotmail.com;
RJ;Queimados;Conselho Municipal dos Direitos da Mulher de Queimados;Rua Otília, 1495 - Centro - Queimados/RJ ; 26.391-230; (21) 99879-0569 / (21) 7731-6603;semdehproc@queimados.rj.gov.br;
RJ;São Gonçalo;Conselho Municipal dos Direitos da Mulher de São Gonçalo;Rua Uriscina Vargas, 36 - Mutondo - São Gonçalo/RJ ; 26.391-230; (21) 3262-3646 / (21) 3262-3647  ; coordenadoriademulheressg@gmail.com;
RJ;São João de Meriti;Conselho Municipal dos Direitos da Mulher de São João de Meriti;Rua Defensor Público Vilmar Pinaud, s/nº - Vilar dos Teles (Em frente à Câmara de Vereadores) - São João de Meriti/RJ ; 25.550-200; (21) 2651-1198; superintendencia.mulher.sjmeriti@gmail.com;
RJ;Seropédica;Conselho Municipal dos Direitos da Mulher de Seropédica;Rua Dárida de Jesus, nº 6 - Jardim Central - Seropédica/RJ ; 23.845-100; (21) 9978-0791 / (21) 3787-6829; darci.dapenha@yahoo.com.br;
RJ;Tanguá;Conselho Municipal dos Direitos da Mulher de Tanguá;Rua Demerval Garcia de Freitas, 112 - Centro - Tanguá/RJ;; (21) 8879-0943 / (21) 3749-1111; ariniltribeiro@gmail.com;
RJ;Teresópolis;Conselho Municipal de Defesa dos Direitos da Mulher de Teresópolis;Rua Nilza Chiapeta Fadigas - Centro - Teresópolis/RJ;; (21) 99904-8282 / (21) 98437-8454 ; conmulher.tere.rj.@gmail.com;
RJ;Volta Redonda ;Conselho Municipal dos Direitos da Mulher de Volta Redonda;Rua 552, nº 46 - Jardim Paraíba - Volta Redonda/RJ ; 27.215-110; (24) 3339-9519 / (24) 3339-9520; smppm@epdvr.com.br;
RN;Itaú;Conselho Municipal da Mulher e Igualdade Racial;Rua Cleofas Nunes, 74 - Bairro – Centro;  59.855-000; (84) 3371 2222 / (84) 9918-7366; franciscafernandesf@bol.com.br;
RN;Natal;Conselho Municipal dos Direitos da Mulher de Natal;R. Jaguarari, 1470 – Alecrim;  59.075-750; (84) 3232-4588 / (84) 3232-1045; cmdm.natal@hotmail.com;
RO;Porto Velho;Casa Estadual dos Conselhos;Rua Álvaro Maia, 1409 - Casa dos Conselhos - Olaria - Porto Velho/RO;; (69) 3216-8804; conselhoestadualdosdireitosdamulher@hotmail.com;
RO;Ariquemes;Conselho Municipal dos Direitos da Mulher - COMDIMA;Av. Tancredo Neves, 2464 - Setor Institucional - Casa dos Conselhos - Rondônia/RO ; 76.872-854; (69) 3536-8258 / (69) 9207-3811;;
RO;Porto Velho;Conselho Municipal de Defesa dos Direitos da Mulher – CMDDM;Rua Rafael Vaz e Silva, 3150 - Bairro Liberdade (Térreo da Coordenadoria Municipal de Política para as Mulheres) Porto Velho.;; (69) 3901-3633 / (69) 3901-3638;;
RO;Vilhena;Conselho Municipal dos Direitos e Defesa da Mulher de Vilhena;Avenida 34, nº 6504 - Bairro Alto Alegre;; (69) 8477-0580; janavanessa18@hotmail.com;
Rondônia;Todos;;;;;;4
Roraima;Todos;;;;;;1
RR;Roraima;Conselho de Defesa dos Direitos da Mulher de Roraima;Rua Alcemir de Souza Mota - 31 de Março - Boa Vista/RR.;; (95) 3224-1104 / (95) 8118-2489 ; aa.monteiro@bol.com.br;
RS;Porto Alegre ;Conselho Estadual dos Direitos da Mulher do Rio Grande do Sul;Rua Miguel Teixeira nº 86 sala 14 - 2º Andar - Bairro: Cidade Baixa ; 90.050-250; (51) 3288-6617 / (51) 3288-6677;;
RS;Alvorada;Conselho Municipal dos Direitos da Mulher de Alvorada - RS;Rua Salgado Filho, nº 02 - Sala 205;  94.820-450; (51) 3483-9987 / (51) 9189-0155; conselhodamulherdealvorada@gmail.com;
RS;Antônio Prado;Conselho Municipal dos Direitos da Mulher de Antônio Prado;Rua Francisco Marco Antônio, nº 57 ; 95.250-000; (54) 9611-8836; lis.daniela@hotmail.com;
RS;Balneário Pinhal;Conselho Municipal dos Direitos da Mulher de Balneário Pinhal - RS;Avenida General Osório, 1051 - Centro ; 99.599-000; (51) 3682-4596 / (51) 9835-2475;cmm_bp2008@hotmail.com;
RS;Bento Gonçalves;Conselho Municipal dos Direitos da Mulher de Bento Gonçalves RS;Rua Treze de Maio,316 - Subsolo – Centro;  95.700-000; (54) 3055-2880; comdim@bentogoncalves.rs.gov.br;
RS;Bom Retiro do Sul;Conselho Municipal dos Direitos da Mulher de Bom Retiro do Sul;Rua Jorge Fett, 84;  95.780-000; (51) 9725-9861; awermann@bol.com.br;
RS;Boqueirão do Leão;Conselho Municipal dos Direitos da Mulher de Boqueirão do Leão;Rua São João, nº 1233 - Centro ; 95.920-000; (51) 3789-1513; assistencia@boqueiraodoleao.rs.gov.br;
RS;Butiá;Conselho Municipal dos Direitos da Mulher de Butiá;Dilson Silva, nº 345 - Bairro São José;  96.750-000; (51) 9700-5641; marareginarodrigues@hotmail.com;
RS;Cachoeirinha;Conselho Municipal dos Direitos da Mulher de Cachoeirinha RS;Av. Frederico Ritter, nº 413 - Bairro Distrito Industrial;  94.930-000; (51) 3439-3008 / (51) 9108-0759; marciawebercachoeirinha@gmail.com;
RS;Campo Novo;Conselho Municipal dos Direitos da Mulher de Campo Novo RS;Av. Bento Gonçalves, 555;   98.570-000; (55) 3528-1316 / (55) 9957-0876;emrosa@emater.tche.br;
RS;Canoas;Conselho Municipal dos Direitos da Mulher de Canoas - RS;Av. Guilherme Schell,5600 - Sala 9 - Sala dos Conselhos;  92.110-330; (51) 3462-1623 / (51) 8429-9769; comdimcanoas@hotmail.com;
RS;Caxias do Sul;Conselho Municipal dos Direitos da Mulher de Caxias do Sul RS;Rua Visconde de Pelotas, nº 449 - Bairro: Centro;  95.020-180; (54) 3215-4240 / (54) 3215-4320; comdim@caxias.rs.gov.br;
RS;Charqueadas;Conselho Municipal dos Direitos da Mulher de Charqueadas;Av. Uruguai, nº 1674 - Bairro Parque Manoel João;  96.745-000; (51) 9671-2577 / (51) 8432-4289; roselainemedeirospereira@gmail.com;
RS;Crissiumal;Conselho Municipal dos Direitos da Mulher de Crissiumal;Av. Presidente Castelo Branco, nº 424 - Centro - Crissiumal/RS; 98.640-000; (55) 3524-1200;;
RS;Erechim ;COMDIM - Conselho Municipal dos Direitos da Mulher de Erechim - RS;Av. Salgado Filho, nº 227 - Bairro: Centro;  99.700-000; (54) 3522-9240 / (54) 9115-2288; cibelem@uricer.edu.ber ;
RS;Espumoso;Conselho Municipal dos Direitos da Mulher de Espumoso;Avenida Ângelo Macalos, 1459 – Centro;  99.400-000; (54) 3383-1555;espumo_rs@hotmail.com;
RS;Farroupilha;Conselho Municipal dos Direitos da Mulher de Farroupilha;Rua Colorado, nº 771 – Belvedere;  95.180-000; (54) 3261-6961 / (54) 9965-8156;;
RS;Fortaleza dos Valos;Conselho Municipal dos Direitos da Mulher de Fortaleza dos Valos RS;Rua Facco, nº 900 ; 98.125-000; (55) 3328-1133; pmsocial@pmfv.rs.gov.br;
RS;Garibaldi;Conselho Municipal dos Direitos da Mulher de Garibaldi;Rua Julio de Castilhos, nº 254;  95.720-000; (54) 8111-0211 / (54) 3462-8200; gleice.mot@hotmail.com;
RS;Ibirubá;Conselho Municipal dos Direitos da Mulher de Ibirubá - RS;Rua Diniz Dias,702 – Centro;  98.200-000; (54) 3324-8530 / (54) 9177-7272; social@ibiruba.rs.gov.br;
RS;Ijuí;Conselho Municipal dos Direitos da Mulher de Ijuí;Av. Cel. Dico, nº 747;  98.700-000; (55) 8404-9042 / (55) 3332-8800; jocelaine-aguiar@pc.rs.gov.br;
RS;Lajeado;Conselho Municipal dos Direitos da Mulher de Lajeado - RS;Rua Coronel Julio May, 242 Centro;  95.900-000; (51) 3714-3309 / (51) 8416-9106; marcia-scherer@pc.rs.gov.br;
RS;Montenegro;Conselho Municipal dos Direitos da Mulher de Montenegro - RS;Rua José Luiz, nº 1850 – Centro;  95.780-000; (51) 9279-6075; assistenciasocial@hospitalmontenegro.com.br;
RS;Nova Petrópolis;Conselho Municipal dos Direitos da Mulher de Nova Petrópolis - RS;Av. 15 de Novembro, nº 1636 – Centro;  95.150-000; (54) 3281-1194 / (54) 9605-3525; fotografia@margaridaneumann.com.br;
RS;Novo Hamburgo;Conselho Municipal dos Direitos da Mulher de Novo Hamburgo;Rua David Canabarro, nº 20 - Centro ; 93.510-020; (51) 3527-1883; comdimnh@gmail.com;
RS;Palmeira das Missões;Conselho Municipal dos Direitos da Mulher de Palmeira das Missões;Rua Major Novais, nº 1000 - Funciona na Câmara;  98.300-000; (55) 8136-3924 / (55) 3742-1024; eja-20cre@seduc.rs.gov.br;
RS;Passo Fundo;Conselho Municipal dos Direitos da Mulher de Passo Fundo;Rua Teixeira Soares 635 – Centro;  99.010-080; (54) 9147-8114 / (54) 3312-3070; comdim@pmpf.rs.gov.br;
RS;Pelotas;Conselho Municipal dos Direitos da Mulher de Pelotas - RS;Rua Três de maio, 1060 – Centro;  96.010-620; (53) 3275-8217 / (53) 9911-5080; conselhomulherpelotas@gmail.com;
RS;Porto Alegre;Conselho Municipal dos Direitos da Mulher de Porto Alegre - RS;Rua Siqueira Campos, 1300/255;   90.010-007; (51) 3289-1000 / (51) 8133-9966; silvanaconti@uol.com.br;
RS;Rio Grande;Conselho Municipal dos Direitos da Mulher de Rio Grande - RS;Marechal Floriano, 05 – Centro;  96.211-000; (53) 3230-2284 / (53) 9948-6471 ; casadosconselhos@riogrande.rs.gov.br;
RS;Santa Cruz do Sul;Conselho Municipal dos Direitos da Mulher de Santa Cruz do Sul - RS;Rua Coronel Oscar Jost, 1576 – Centro;  96.820-036; (51) 3715-1895; edm@santacruz.rs.gov.br / cmdmscs@yahoo.com.br;
RS;Santa Maria;Conselho Municipal dos Direitos da Mulher de Santa Maria - RS;Serafim Valandro, 1610 – Centro;  97.015-630; (55) 3222-9621 / (55) 9971-4523; nbassessoria_juridica@hotmail.com;
RS;Santa Rosa;Conselho Municipal dos Direitos da Mulher de Santa Rosa;Rua Minas Gerais, 86 - Centro ; 98.900-000; (55) 3512-9318 / (55) 8414-1542 ; mreginapinto@uol.com.br;
RS;Santo Ângelo;Conselho Municipal dos Direitos da Mulher de Santo Ângelo;Rua Três de Outubro nº 800;  98.801-610; (55) 3312-9736 / (55) 9993-9626; tania-santiago@seduc.rs.gov.br;
RS;Santo Antônio da Patrulha;Conselho Municipal dos Direitos da Mulher de Santo Antônio da Patrulha - RS;Rua Lindoia, 21 - Bairro Santa Teresinha;  95.500-000; (51) 3662-2816 / (51) 8104-6117; margarethsantana@ibest.com.br;
RS;Santo Augusto;Conselho Municipal dos Direitos da Mulher de Santo Augusto;Rua Coronel Júlio Pereira dos Santos, 515 - Santo Augusto/RS;  98.590-000; (55) 9962-1498 / (55) 9626-6812;Presidenta: Dione Dagmar Sperotto;
RS;Santo Cristo;Conselho Municipal dos Direitos da Mulher de Santo Cristo;Rua 25 de julho, 133;  98.960-000; (55) 9626-3561; comdim.santocristo@gmail.com;
RS;São Leopoldo;Conselho Municipal dos Direitos da Mulher de São Leopoldo - RS;Praça Tiradentes, nº 119 - Antiga Prefeitura – Centro;  93.010-020; (51) 3592-2184 / (51) 9983-1585; comdim@saoleopoldo.rs.gov.br;
RS;São Marcos;Conselho Municipal dos Direitos da Mulher de São Marcos;Rua Vitória, nº 174 – Centro;  95.190-000; (54) 3291-1155 / (54) 3291-2930; social@saomarcos-rs.com.br ;
RS;Sapiranga;Conselho Municipal dos Direitos da Mulher de Sapiranga;Av. 20 de Setembro, nº 1695 - Bairro Oeste;  93.800-000; (51) 3959-1052; deboramoreira@sapiranga.rs.gov.br;
RS;Serafina Corrêa;Conselho Municipal dos Direitos da Mulher de Serafina Corrêa;Avenida 25 de Julho, 202 - Centro ; 99.250-000; (54) 3444-1166 ; conselhos@serafinacorrea.rs.gov.br;
RS;Tramandaí;Conselho Municipal dos Direitos da Mulher de Tramandaí;;; (51) 9825-6539; dricalberche66@gmail.com  ;
RS;Triunfo;Conselho Municipal dos Direitos da Mulher de Triunfo;Rua Marino Josetti de Almeida, 67 - Fundos - Centro - Triunfo - Rio Grande do Sul/RS ; 95.840-000; (51) 3654-3647 / (51) 9359-1093; cmdmtriunfo@outlook.com;
RS;Vacaria;Conselho Municipal dos Direitos da Mulher de Vacaria;Rua Frei Matheus Dolzan, nº 83;  95.200-000; (54) 9925-3072 / (54) 3232-5102; iolandas.silveira@hotmail.comm;
RS;Venâncio Aires;Conselho Municipal dos Direitos da Mulher de Venâncio Aires - RS;Rua Visconde do Rio Branco, nº 820;  95.800-000; (51) 3983-1143; claidir@venancioaires.rs.gov.br ;
RS;Vera Cruz;Conselho Municipal dos Direitos da Mulher de Vera Cruz - RS;Rua Ipiranga, 648 ; 96.880-000; (51) 3718-1520; assistenciasocial@veracruz-rs.gov.br;
RS;Viamão;Conselho Municipal dos Direitos da Mulher de Viamão - RS;Rua Mario Antunes da Veiga, nº 284;  94.410-220; (51) 8505-6730 / (51) 3492-2081; comdim.viamao@gmail.com;
Santa Catarina;Todos;;;;;;30
São Paulo;Todos;;;;;;44
SC;Santa Catarina ;Conselho Estadual dos Direitos da Mulher de Santa Catarina;Av. Mauro Ramos, nº 722 - Centro – Florianópolis/SC;  88.020-300; (48) 3664-0631; cedim@sst.sc.gov.br;
SC;Abelardo Luz;Conselho Municipal dos Direitos da Mulher de Abelardo Luz;Av. Pe. João Smedt, nº 1605 - Centro - Abelardo Luz/SC ; 89.830-000; (49) 3445-4322 / (49) 9979-1301; conselhodamulher@hotmail.com;
SC;Balneário Camboriú;Conselho Municipal dos Direitos da Mulher de Balneário Camboriú ;Rua 1822, nº 1510 - Centro - Balneário Camboriú/SC;  88.330-484 ; (47) 3367-0129; comumsdis@gmail.com;
SC;Bombinhas;Conselho Municipal dos Direitos da Mulher de Bombinhas ;Rua Baleia Jubarte, nº 328 - Bairro José Amândio - Bombinhas/SC; 88.215-000 ; (47) 3393-9536;;
SC;Caçador;Conselho Municipal dos Direitos da Mulher de Caçador ;Rua Vitor Batista Adami, nº 275 - Centro – Caçador/SC;  89.500-000 ; (49) 3567-5964; conselhosmunicipais@cacador.sc.gov.br;
SC;Camboriú;Conselho Municipal dos Direitos da Mulher de Camboriú ;Rua São Paulo, nº 02 - 1º andar - Centro - Camboriú/SC ; 88.340-209 ; (47) 3400-0504 / (47) 3365-2743;Presidenta: Dra. Jucélia Vinholi ;
SC;Chapecó;Conselho Municipal dos Direitos da Mulher de Chapecó;Av. Nereu Ramos, nº 75D -  Ed. CPC - Salas 705/707 - Bloco B - 7º Andar - Centro - Chapecó/SC ; 88.020-301; (49) 2049-9264; conselhos@chapeco.sc.gov.br;
SC;Concórdia;Conselho Municipal dos Direitos da Mulher de Concórdia;Rua Osvaldo Zandavalli, nº 511 - Centro – Concórdia/SC;  89.700-000; (49) 3442-0118 / (49) 3442-5486; conselhodamulher@concordia.sc.gov.br;
SC;Criciúma;Conselho Municipal dos Direitos da Mulher de Criciúma;Rua Domênico Sonego, nº 542 - Centro – Criciúma/SC;  88.804-050; (48) 3431-0321; conselhos2014@gmail.com;
SC;Dionísio Cerqueira;Conselho Municipal dos Direitos da Mulher de Dionísio Cerqueira;Rua Dom Pedro II, nº 567 - Centro - Dionísio Cerqueira/SC ; 89.950-000; (49) 3644-2273 / (49) 8418-8668; mulher.mulherdc@hotmail.com;
SC;Florianópolis;Conselho Municipal dos Direitos da Mulher de Florianópolis;Av. Mauro Ramos, n° 224 - Sobreloja - Centro - Florianópolis/SC; 88.020-300; (48) 3251-6220;;
SC;Imbituba;Conselho Municipal dos Direitos da Mulher de Imbituba;Av. Dr. João Rimsa, nº 531 - Centro – Imbituba/SC;  88.780-000; (48) 3255-6386 / (48) 9618-8585; louspires@yahoo.com.br;
SC;Itajaí;Conselho Municipal dos Direitos da Mulher de Itajaí;Rua Domingos Laureano, nº 325 - Bairro São João - Itajaí/SC; 88.304-410 ; (47) 3349-5527 / (47) 3249-3300;;
SC;Itapema;Conselho Municipal dos Direitos da Mulher de Itapema;Avenida Nereu Ramos, nº 134 - Centro – Itapema/SC;  88.220-000; (47) 3268-8006; grazielli@itapema.sc.gov.br;
SC;Jaraguá do Sul;Conselho Municipal dos Direitos da Mulher de Jaraguá do Sul;Rua Walter Marquardt, nº 1111 - Barra do Rio Molha - Jaraguá do Sul/SC; 89.259-565; (47) 2106-8285;;
SC;Joaçaba;Conselho Municipal dos Direitos da Mulher de Joaçaba;Av. XV de Novembro, nº 378 - Centro – Joaçaba/SC;  89.600-000; (49) 3527-8851;Presidenta: Cheila Sacchetti;
SC;Joinville;Conselho Municipal dos Direitos da Mulher de Joinville ;Rua Afonso Penna, nº 840 - Bucarein – Joinville/SC;  89.202-420; (47) 3433-8659 / (49) 3432-8543; cmdmjoinville@gmail.com;
SC;Lages;Conselho Municipal dos Direitos da Mulher de Lages ;Rua Monte Castelo, nº 209 - Centro - Lages/SC ; 88.501-060; (49) 3224-3014; conselho.sas@lages.sc.gov.br;
SC;Luzerna;Conselho Municipal dos Direitos da Mulher de Luzerna ;Av. 16 de fevereiro, 151 - Centro - Luzerna/SC ;; (49) 3551-4751; conselhos.luzerna@hotmail.com;
SC;Pinhalzinho;Conselho Municipal dos Direitos da Mulher de Pinhalzinho ;Avenida Porto Alegre, 715 - Bairro Divinéia - Pinhalzinho/SC;; (49) 3366-6675;social@pinhalzinho.sc.gov.br;
SC;Porto Belo;Conselho Municipal dos Direitos da Mulher de Porto Belo ;Avenida Governador Celso Ramos, nº 57 - Vila Nova - Porto Belo/SC; 88.210-000; (47) 3369-5649 / (47) 3369-5803;;
SC;Rio do Sul;Conselho Municipal dos Direitos da Mulher de São Bento do Sul;Rua Rocha Pombo, nº 95 - Eugênio Scheider - Rio do Sul/SC; 89.160-000; (47) 3525-4084;;
SC;São Bento do Sul;Conselho Municipal dos Direitos da Mulher de São Bento do Sul;Rua João Muhlbauer, nº 169 - Bairro Serra Alta - São Bento do Sul/SC; 89.291-050; (47) 3633-7041 / (47) 3633-6993;;
SC;São Domingos;Conselho Municipal dos Direitos da Mulher de São Domingos;Rua Getúlio Vargas, 750 - Centro - São Domingos/SC; 89.835-000; (49) 3443-0281;;
SC;São Francisco do Sul;Conselho Municipal dos Direitos da Mulher de S. Francisco do Sul;Rua Coronel Oliveira, nº 274 - Centro - São Francisco do Sul/SC; 89.240-000; (47) 3444-5577;;
SC;São Joaquim;Conselho Municipal dos Direitos da Mulher de São Joaquim;Rua Gasparino Dutra - Secretaria Municipal de Assistência Social - São Joaquim/SC;  89.600-000; (49) 3233-1380; mirianchioca@yahoo.com.br;
SC;Tijucas;Conselho Municipal dos Direitos da Mulher de Tijucas;Rua José Joaquim Santana, nº 36 - Universitário - Tijucas/SC; 88.200-000; (48) 3263-0150 / (48) 3263-6194;;
SC;Timbó;Conselho Municipal dos Direitos da Mulher de Timbó;Av. 07 de Setembro, nº 595 - Centro – Timbó/SC;  89.120-970; (47) 3382-1953 / (47) 3382-7192; assessoriaconselhos@timbo.sc.gov.br;
SC;Tubarão;Conselho Municipal dos Direitos da Mulher de Tubarão;Rua São Manoel, nº 140 - Centro - Tubarão/SC ; 88.701-120; (48) 3628-4636; conselhos@tubarao.sc.gov.br;
SC;Xaxim;Conselho Municipal dos Direitos da Mulher de Xaxim;Av. Luiz Lunard, nº 546 - Centro - Xaxim/SC ; 88.701-120; (49) 3353-6046 / (49) 3353-1283; iracildr@hotmail.com ;
SE;Aracaju;Conselho Estadual dos Direitos da Mulher do Estado de Sergipe;Rua Itabaiana, 331 - Centro – Aracaju/SE;  49.010-170; (79) 8862-4596 / 3198-2860; pureza.sobrinha@sepm.se.gov.br;
SE;Aracaju;Conselho Municipal dos Direitos da Mulher de Aracajú;Rua Pacatuba, 64 - Edifício Luciano Prado - Estação Cidadania - Centro - Aracaju/SE; 49.010-150; (79) 3179-1955 / (79) 3179-1341;;
SE;Canindé do São Francisco;Conselho Municipal dos Direitos da Mulher de Canindé do São Francisco;;; (79) 3346-9517 / (79) 9868-5777;;
SE;Carmópolis;Conselho Municipal dos Direitos da Mulher de Carmópolis;;; (79) 3277-1056 / (79) 9978-3136;;
SE;Itabaiana;Conselho Municipal dos Direitos da Mulher de Itabaiana;;; (79) 9974-7344 / (79) 9850-2171;;
SE;Lagarto;Conselho Municipal dos Direitos da Mulher de Lagarto;;; (79) 3631-4815 / (79) 9966-7080;;
SE;Laranjeiras;Conselho Municipal de Políticas para as Mulheres de Laranjeiras;Rua José do Padro Franco, nº 348 - Centro - Laranjeiras/SE ; 49.170-000; (79) 8857-5282 / (79) 8114-7784;;
SE;Nossa Senhora da Glória;Conselho Municipal dos Direitos da Mulher de Nossa Senhora da Glória;;; (79) 9951-6800 / (79) 9896-8308;;
SE;Propriá;Conselho Municipal dos Direitos da Mulher de Propriá;;; (79) 3322-2022 / (79) 9970-0404;;
SE;Tobias Barreto;Conselho Municipal dos Direitos da Mulher de Tobias Barreto;Rua José Rosa de Oliveira, Nº 381 - Sergipe/SE ; 49.300-000; (79) 9919-6480/ (79) 9869-0716; cmdmtobiasbarreto@hotmail.com;
Sergipe;Todos;;;;;;10
SP;São Paulo ;Conselho Estadual dos Direitos da Mulher de São Paulo;Rua Antônio de Godoy nº 122 - 6º andar - Conjunto 64 - Bairro: Santa Efigênia; 01.034-000; (11) 3221-6374;;
SP;Andradina;Conselho Municipal dos Direitos da Mulher de Andradina;Rua Doutor Orensy Rodrigues da Silva,341 - Centro - Andradina/SP; 16.901-900; (18) 3702-1000 / (18) 99749-7321 ;;
SP;Americana;Conselho Municipal dos Direitos da Mulher de Americana;Avenida da Saudade, 59 - Cordenonsi ; 13.464-500; (19) 3471-9800 / (19) 8939-8118; cmdm@americana.sp.gov.br;
SP;Aparecida;Conselho Municipal dos Direitos da Mulher de Aparecida;Rua Oscarlino Marcondes Teixeira, 421 - Ponte Alta ; 12.570-000; (12) 3013-2437 / (12) 9130-1322; paulacaldovino@hotmail.com;
SP;Araraquara;Conselho Municipal dos Direitos da Mulher de Araraquara;R. Voluntários da Pátria nº 1648 ; 14.801-320; (16) 3333-6582 / (16) 9786-5140;cppmulheres@araraquara.sp.gov.br;
SP;Arujá;Conselho Municipal dos Direitos da Mulher de Arujá;Rua Rodrigues Alves, 154 - Centro - Sala da UNICA - União dos Conselhos de Arujá; 07.400-575; (11) 99613-5982 / (11) 4655-2597 ;;
SP;Atibaia;Conselho Municipal dos Direitos da Mulher de Atibaia;Av. Nove de Julho, 322, Edifício São José - Subsolo – Centro;  12.940580; (11) 4414-2444 / (11) 99624-3169; commati@atibaia.sp.gov.br;
SP;Barueri;Conselho Municipal dos Direitos da Mulher de Barueri;Avenida Pastor Sebastião Davino dos Reis, nº 756 - Vila Porto ; 06.414-007; (11) 4706-4046 / (11) 97166-6686;;
SP;Bauru;Conselho Municipal dos Direitos da Mulher de Baurú;Rua Manuel Bento Cruz, nº 760 - Centro (Casa dos Conselhos); 17.015-160; (14) 3227-5433 / (14) 9777-4170;;
SP;Boituva;Conselho Municipal dos Direitos da Mulher de Boituva;R. João Marcon nº 283 - Parque Nossa Senhora das Graças; 18.550-000; (15) 3263-3923;;
SP;Botucatu;Conselho Municipal dos Direitos da Mulher de Botucatu;Rua Maria Rosa Santiago, n° 152 - Jardim Central – Botucatu/SP;  18.603-360; (14) 3814-2017 / (14) 99735-0469;;
SP;Caraguatatuba;Conselho Municipal dos Direitos da Mulher de Caraguatatuba;Sede Administrativa - Av. Bahia nº 845 - Bairro Indaiá ; 11.665-060; (12) 3897-7062 / (12) 3882-2124; vivianecardosorh@gmail.com;
SP;Campinas ;Conselho Municipal dos Direitos da Mulher de Campinas;Rua Ferreira Penteado, nº 1331 - Centro - São Paulo/SP ; 13.010-041; (19) 3254-6324 / (19) 8174-3781; cmdm.mulher@campinas.sp.gov.br;
SP;Cordeirópolis;Conselho Municipal dos Direitos da Mulher de Cordeirópolis;Rua Toledo de Barros nº 404 - Centro - Cordeirópolis/SP ; 13.490-000; (19) 3546-1035 / (19) 3546-4431; luci.anaamaral@hotmail.com;
SP;Cubatão;Conselho Municipal dos Direitos da Mulher de Cubatão;R. Dom Pedro II nº 115;  11.520-040; (13) 3372-8088 / (13) 3362-6438 ; conselhofeminino@bol.com.br;
SP;Descalvado;Conselho Municipal dos Direitos da Mulher – CODIM;R. José Quirino Ribeiro nº 55 ; 13690-000; (19) 3583-8859 / (19) 3583-1343 ; codim.desc@yahoo.com.br;
SP;Diadema;Conselho Municipal dos Direitos da Mulher de Diadema;Rua Jurua 149 - JD Paineiras ; 09932-220; (11) 4091-2628 / (11) 5169-0420; mreginadamacenosilveira@yahoo.com.br;
SP;Fartura;Conselho Municipal dos Direitos da Mulher;Rua Samuel de Oliveira nº 141 - Centro ; 18.870-000; (14) 3308-9200 / (14) 3308-1269; controlesocial_fartura@yahoo.com.br;
SP;Guaíra;Conselho Municipal dos Direitos da Mulher de Guaíra;Casa da Cidadania - Avenida 29.870 - Bairro Paranoá ; 14.790-000; (17) 3331-9818 / (17) 3331-3575; ligia.cerdeira@hotmail.com;
SP;Guararema;Conselho Municipal dos Direitos da Mulher de Guararema;Rua Dr. Pedro de Toledo, nº 89 - Centro ; 08.900-000; (11) 4693-2213 / (11) 4693-5125; cmdm@guararema.sp.gov.br;
SP;Guarujá;Conselho Municipal dos Direitos da Mulher;R. Montenegro nº 455 - Centro ; 11.410-040; (13) 78084516  / (13) 3386-8273; casadosconselhos.guaruja@yahoo.com.br;
SP;Hortolândia;Conselho Municipal dos Direitos da Mulher de Hortolândia;Rua Alerto Gomes, 18 - Jd. Das Paineiras - Centro - São Paulo/SP; 13.184-275; (19) 3819-6640 / (19) 98277-3113;;
SP;Itapeva;Conselho Municipal dos Direitos da Mulher de Itapeva;Rua José Basílio de Araújo Ferraz, nº 50 - Centro ; 18.400-600; (15) 3522-0307 / (15) 3522-3192;acaosocial@itapeva.sp.gov.br;
SP;Itapira;Conselho Municipal Direito das Mulheres de Itapira;Rua Vitório Coppos, nº 122 - Bairro São Benedito;  13.976-024; (19) 3813-9510 / (19) 9648-5707; cmdm@itapira.sp.gov.br;
SP;Jaboticabal;Conselho Municipal Direito das Mulheres de Jaboticabal;Av. Silvio Vantini, 790 - Nova Jaboticabal - São Paulo/SP;  14.890-030; (16) 3202-4127 / (16) 99728-4830; capalbomerenda@gmail.com;
SP;Jacareí;Conselho Municipal Direito das Mulheres de Jacareí;Rua Lamartine Delamare, 153 - Centro - Jacareí/SP ; 12.327-010; (12) 3951-0132 / (12) 99124-9842; cmdm.jacarei@gmail.com;
SP;Jundiaí;Conselho Municipal dos Direitos da Mulher de Jundiaí;Rua Princesa Isabel, 257 - Vila Princesa Isabel - Jundiaí/SP ; 13.201-650; (11) 4521-8084 / (11) 99567-0334;cppmulheres@jundiai.sp.gov.br ;
SP;Lençóis Paulista;Conselho Municipal dos Direitos da Mulher de Lençóis Paulista;Rua Sete de Setembro, 711 – Centro;  18.680-000; (14) 3269-1984; conselhodamulher_lp@hotmail.com;
SP;Limeira;Conselho Municipal dos Direitos das Mulheres de Limeira;Rua 13 de Maio, 101;  13.480-000; (19) 3446-1780; anahelenafleury@hotmail.com;
SP;Martinópolis;Conselho Municipal dos Direitos da Mulher de Martinópolis;AV. Angelo Corghi, 1258 - Jd O Pioneiro ; 19.500-000; (18) 3275-3833; casadosconselhos@martinopolis.sp.gov.br;
SP;Mauá;Conselho Municipal dos Direitos da Mulher de Mauá;Rua Luíz Mariani, 96 - Vila Ana Maria ; 09.390-050; (11) 4555-1999; cmdm@maua.sp.gov.br;
SP;Mogi das Cruzes;Conselho Municipal dos Direitos da Mulher de Mogi das Cruzes –COMMULHER;Av. Narciso Yague Guimarães nº 277 - Centro Cívico;  08.780-900; (11) 4798-4716 / (11) 99729-5392; c.conselho@ig.com.br;
SP;Mogi Mirim;Conselho Municipal dos Direitos da Mulher de Mogi Mirim;R. Dr. José Alves nº 129;  13.800-050; (19) 3804-1599; soniasantosprof@gmail.com;
SP;Nova Odessa;Conselho Municipal dos Direitos da Mulher de Nova Odessa;Avenida João Pessoa, 777 - Prefeitura de Nova Odessa - Centro  ; 13.460-000; (19) 3476-8194 / (19) 9708-0263;;
SP;Olímpia;Conselho Municipal dos Direitos da Mulher de Olímpia;Avenida João Pessoa, 777 - Prefeitura de Nova Odessa - Centro  ; 13.460-000; (19) 3476-8194 / (19) 9708-0263;;
SP;Penápolis;Conselho Municipal dos Direitos da Mulher de Penápolis;Rua Dr. Ramalho Franco nº 340 - Centro – Penápolis/SP;  16.300-000; (18) 3652-5323 / 18) 99729-0074;conselhos@penapolis.sp.gov.br ;
SP;Pindamonhangaba;Conselho Municipal dos Direitos da Mulher de Pindamonhangaba;Rua Euclides Figueiredo, nº 94 - Centro - Vale do Paraíba ; 12.420-060; (12) 3643-1607 / (12) 3643-1609 ;cmdm@pindamonhangaba.sp.gov.br;
SP;Piracicaba;Conselho Municipal dos Direitos da Mulher de Piracicaba;Rua Capitão Antônio Corrêa Barbosa, nº 2.233 - Chácara Nazareth - Piracicaba/SP ; 13400-590 ; (19) 3377-0005 / (19) 3417-1333; conselhodamulherpiracicaba@gmail.com;
SP;Praia Grande;Conselho Municipal dos Direitos das Mulheres de Praia Grande – COMDIM;Rua 1º de Janeiro, nº 954 - Bairro Mirim ; 11.704-800; (13) 3496-2205 / (13) 3495-4913; ongdcm@hotmail.com;
SP;Ribeirão Preto;Conselho Municipal dos Direitos da Mulher de Ribeirão Preto;R. Gonçalves Dias nº 299 ; 14.050-380; (16) 3610-1523; conselhodamulher@semas.pmrp.com.br;
SP;Santos;Conselho Municipal dos Direitos da Mulher – COMMULHER;Av. Rei Alberto I nº 119 ; 11.030-381; (13) 3219-4864 / (13) 3236-7029; marciaaraujo@santos.sp.gov.br;
SP;Santo André;Conselho Municipal dos Direitos das Mulheres de Santo André;Pça. IV Centenário s/nº - 8º andar - Sala 6 - Prédio Executivo; 09.015-080; (11) 4433-0163 / (11) 97156-7527;;
SP;Sorocaba;Conselho Municipal dos Direitos da Mulher de Sorocaba;Avenida Juscelino Kubitschek, 440 - Centro ; 18.035-060; (15) 3211-2548; cmdmsorocaba@gmail.com;
SP;Votuporanga;Conselho Municipal dos Direitos da Mulher de Votuporanga;Avenida João Gonçalves Leite, nº 4.705 - Jardim Alvorada ; 15.505-000; 17 3426-2600 Fax: 17 3426-2622; secretariaexecutiva.conselhos@gmail.com;
TO;Palmas;Conselho Estadual dos Direitos da Mulher de Tocantins;Quadra 104 sul - Rua SE 09 - Lote 36 ; 77.020-024; (63) 3218-6725 / (63) 3218-6720; edim@defesasocial.to.gov.br;
TO;Almas;Conselho Municipal dos Direitos da Mulher de Almas;Av. Oriental - Quadra 51 - Lote 05 - Centro – Almas/TO;  77.310-000; (3373-1269;;
TO;Araguaína;Conselho Municipal dos Direitos da Mulher de Araguaína;Rua 25 de dezembro, nº 265 - Centro – Araguaína/TO;  77.804-901; (63) 3411-7024 / (63) 3415-2268; nc.marinho@hotmail.com;
TO;Araguatins;Conselho Municipal dos Direitos da Mulher de Araguatins;Praça da Bandeira nº 250 - Centro – Araguatins/TO;  77.950-000; (63) 3474-2140;;
TO;Aurora;Conselho Municipal dos Direitos da Mulher de Aurora;Praça São Jorge, s/nº - Centro – Aurora/TO;  77.325-000; (63) 3658-1151;;
TO;Axixá;Conselho Municipal dos Direitos da Mulher de Axixá;Rua do Comércio nº 2061 – Axixá/TO;  77.930-000; (63) 3444-1166 / (63) 3444-1103;;
TO;Brejinho de Nazaré;Conselho Municipal dos Direitos da Mulher de Brejinho de Nazaré;Praça Nossa Senhora de Nazaré, nº 665 - Centro - Brejinho de Nazaré/TO; 77.560-000; (63) 3521-1538;;
TO;Campos Lindos;Conselho Municipal dos Direitos da Mulher de Campos Lindos;Avenida 01, nº 01 - Centro - Campos Lindos/TO;  77.777-000; (63) 3484-1124;;
TO;Colinas do Tocantins;Conselho Municipal dos Direitos da Mulher de Colinas do Tocantins; Av. Presidente Dutra, nº 263 - Centro - Colinas do Tocantins/TO; 77.760-000; (63) 3476-7042 / (63) 3476-7043;;
TO;Dianópolis;Conselho Municipal dos Direitos da Mulher de Dianópolis; Rua Madre Belém, nº 291 - Centro - Dianópolis/TO ; 77.300-000; (63) 3692-2492;;
TO;Figueirópolis;Conselho Municipal dos Direitos da Mulher de Figueirópolis; Avenida Bernardo Sayão, s/nº - Centro – Figueirópolis/TO;  77.465-000; (63) 3374-1266;;
TO;Filadélfia;Conselho Municipal dos Direitos da Mulher de Filadélfia; Avenida Getúlio Vargas, nº 1080 – Filadélfia/TO;  77.465-000; (63) 3478-1268;;
TO;Fortaleza do Tobocão;Conselho Municipal dos Direitos da Mulher de Fortaleza do Tobocão;Av. Vitória Régia s/nº - Fortaleza do Tobocão/TO;  77.708-000; (63) 3440-1120;;
TO;Gurupi;Conselho Municipal dos Direitos da Mulher de Gurupi;Avenida 15 de novembro, nº 15000 - Centro – Gurupi/TO;  77.400-000; (63) 3312-4090; thianecosta@gmail.com;
TO;Itaguatins;Conselho Municipal dos Direitos da Mulher de Itaguatins;Rua Coronel Augusto Bastos, nº 1079 - Centro - Itaguatins/TO; 77.920-000; (63) 3477-1132;;
TO;Lajeado;Conselho Municipal dos Direitos da Mulher de Lajeado;Av. Justiniano Monteiro, nº 2076 - Centro – Lajeado/TO;  77.645-000; (63) 3519-1235;;
TO;Lavandera;Conselho Municipal dos Direitos da Mulher de Lavandera;Av. TO 118, s/nº - Centro – Lavandera/TO;  77.328-000; (63) 3509-3000;;
TO;Maurilândia do Tocantins;Conselho Municipal dos Direitos da Mulher de Maurilândia do Tocantins;Travessa Tocantins, nº 100 - Centro - Maurilândia do Tocantins/TO; 77.918-000; (63) 3380-1188;;
TO;Monte Santo do Tocantins;Conselho Municipal dos Direitos da Mulher de Monte Santo do Tocantins;Rua Bela Vista - Centro - Monte Santo do Tocantins/TO; 77.673-000; (63) 3551-1036;;
TO;Muricilândia;Conselho Municipal dos Direitos da Mulher de Muricilândia;Av. Araguaia s/nº - Muricilândia/TO ; 77.850-000; (63) 3429-1227 ;;
TO;Oliveira de Fátima;Conselho Municipal dos Direitos da Mulher de Oliveira de Fátima;Av. Bernardo Sayão, s/nº - Centro - Oliveira de Fátima/TO;  77.558-000; (63) 3365-1169;;
TO;Palmas;Conselho Municipal dos Direitos da Mulher de Palmas;Av. SE 33 - Conjunto LO 11 - Parque Cesamar - Palmas/TO ; 77.000-000; (63) 2111-2815; comudhe.palmas@gmail.com;
TO;Paraíso do Tocantins;Conselho Municipal dos Direitos da Mulher de Paraíso do Tocantins;Av. Transbrasiliana, nº 515 - Centro - Paraíso do Tocantins/TO; 77.600-000 ;;;
TO;Pau D’Arco;Conselho Municipal dos Direitos da Mulher de Pau D’Arco;Rua José Vieira, nº 533 - Centro - Pau D’Arco/TO ; 77.785-000; (63) 3425-1357;;
TO;Pindorama;Conselho Municipal dos Direitos da Mulher de Pindorama;Av. 28 de Outubro s/nº - Bairro: Ruraltins - Pindorama/TO ; 77.380-000; (63) 3375-1106;;
TO;Ponte Alta do Tocantins;Conselho Municipal dos Direitos da Mulher de Ponte Alta do Tocantins;Rua 06 s/nº - Setor Aeroporto - Ponte Alta do Tocantins/TO ; 77.590-000; (63) 3378-1134 / (63) 3378-1292;;
TO;Porto Nacional;Conselho Municipal dos Direitos da Mulher de Porto Nacional;Av. Murilo Braga, nº 1877 - Centro - Porto Nacional/TO ; 77.500-000; (63) 3363-3421;;
TO;Riachinho;Conselho Municipal dos Direitos da Mulher de Riachinho;Av. Tocantins, nº 194 - Centro – Riachinho/TO;  77.893-000; (63) 3443-1223;;
TO;Santa Rita;Conselho Municipal dos Direitos da Mulher de Santa Rita;Av. Castelo Branco, nº 119 - Centro - Santa Rita/TO;  77.565-000; (63) 3365-1145;;
TO;Santa Teresa do Tocantins;Conselho Municipal dos Direitos da Mulher de Santa Teresa do Tocantins;Praça 05 de janeiro, nº 890 - Centro - Santa Tereza do Tocantins/TO; 77.615-000; (63) 5271-1121 / (63) 5271-1159;;
TO;São Bento do Tocantins;Conselho Municipal dos Direitos da Mulher de São Bento do Tocantins;Praça 05 de janeiro, nº 890 - Centro - São Bento do Tocantins/TO; 77.565-000; (63) 3487-1123;;
TO;São Miguel;Conselho Municipal dos Direitos da Mulher de São Miguel;Av. Tocantins nº 03 - Parque Novo Horizonte - São Miguel/TO; 77.925-000; (63) 3447-1294;;
TO;Sítio Novo do Tocantins;Conselho Municipal dos Direitos da Mulher de Sítio Novo do Tocantins;Rua do Comércio s/nº - Centro - Sítio Novo do Tocantins/TO; 77.940-000; (63) 3446-1411;;
TO;Guaraí;Conselho Municipal dos Direitos da Mulher de Guaraí;Av. Bernardo Sayão s/nº - Centro – Guaraí/TO;  77.700-000; (63) 3464-4100 / (63) 3464-1211;;
TO;Tocantínia;Conselho Municipal dos Direitos da Mulher de Tocantínia;Praça Frei Antônio de Ganges, s/nº - Centro – Tocantínia/TO;  77.640-000; (63) 3429-1227;;
TO;Taguatinga;Conselho Municipal dos Direitos da Mulher de Taguatinga;Rua Dom Pedro II, s/nº - Centro – Taguatinga/TO;  77.320-000; (63) 3654-1432 / (63) 3654-1631;;
Tocantins;Todos;;;;;;36
Todas as UFs;Todos;;;;;;494
