UF;Raça/Cor;Faixa Etária;Situação do Domicílio;Homens;Mulheres
Acre;Todas;Todas;Rural;  76.37;  75.19
Acre;Branca;Todas;Todas;  92.33;  93.03
Acre;Negra;Todas;Todas;  87.28;  89.01
Acre;Todas;10 a 24 anos;Todas;  96.18;  96.66
Acre;Todas;25 a 49 anos;Todas;  87.47;  89.79
Acre;Todas;50 anos ou mais;Todas;  68.75;  68.26
Acre;Total;Todas;Todas;  88.33;  89.89
Acre;Todas;Todas;Urbana;  91.80;  92.22
Alagoas;Todas;Todas;Rural;  66.34;  74.62
Alagoas;Branca;Todas;Todas;  84.69;  82.87
Alagoas;Negra;Todas;Todas;  76.13;  80.62
Alagoas;Todas;10 a 24 anos;Todas;  94.30;  97.27
Alagoas;Todas;25 a 49 anos;Todas;  77.20;  83.90
Alagoas;Todas;50 anos ou mais;Todas;  54.93;  55.32
Alagoas;Total;Todas;Todas;  78.38;  81.28
Alagoas;Todas;Todas;Urbana;  82.80;  83.36
Amapá;Todas;Todas;Rural;  88.18;  88.57
Amapá;Branca;Todas;Todas;  98.33;  97.21
Amapá;Negra;Todas;Todas;  95.95;  95.27
Amapá;Todas;10 a 24 anos;Todas;  99.09;  99.12
Amapá;Todas;25 a 49 anos;Todas;  97.13;  97.74
Amapá;Todas;50 anos ou mais;Todas;  89.47;  83.00
Amapá;Total;Todas;Todas;  96.56;  95.74
Amapá;Todas;Todas;Urbana;  97.43;  96.48
Amazonas;Todas;Todas;Rural;  87.45;  90.05
Amazonas;Branca;Todas;Todas;  96.10;  96.10
Amazonas;Negra;Todas;Todas;  93.51;  94.63
Amazonas;Todas;10 a 24 anos;Todas;  98.48;  98.82
Amazonas;Todas;25 a 49 anos;Todas;  95.78;  97.65
Amazonas;Todas;50 anos ou mais;Todas;  80.75;  81.70
Amazonas;Total;Todas;Todas;  94.01;  94.98
Amazonas;Todas;Todas;Urbana;  95.20;  95.44
Bahia;Todas;Todas;Rural;  71.85;  75.17
Bahia;Branca;Todas;Todas;  87.43;  88.38
Bahia;Negra;Todas;Todas;  85.11;  86.86
Bahia;Todas;10 a 24 anos;Todas;  96.42;  98.23
Bahia;Todas;25 a 49 anos;Todas;  88.20;  93.78
Bahia;Todas;50 anos ou mais;Todas;  68.27;  66.40
Bahia;Total;Todas;Todas;  85.55;  87.17
Bahia;Todas;Todas;Urbana;  90.38;  90.45
Ceará;Todas;Todas;Rural;  69.05;  80.92
Ceará;Branca;Todas;Todas;  87.28;  90.72
Ceará;Negra;Todas;Todas;  80.77;  86.03
Ceará;Todas;10 a 24 anos;Todas;  97.54;  98.83
Ceará;Todas;25 a 49 anos;Todas;  84.66;  91.63
Ceará;Todas;50 anos ou mais;Todas;  61.25;  70.69
Ceará;Total;Todas;Todas;  82.61;  87.45
Ceará;Todas;Todas;Urbana;  87.45;  89.28
Distrito Federal;Todas;Todas;Rural;  94.44;  94.15
Distrito Federal;Branca;Todas;Todas;  97.85;  98.15
Distrito Federal;Negra;Todas;Todas;  97.12;  96.96
Distrito Federal;Todas;10 a 24 anos;Todas;  99.34;  99.72
Distrito Federal;Todas;25 a 49 anos;Todas;  98.02;  99.16
Distrito Federal;Todas;50 anos ou mais;Todas;  93.45;  92.27
Distrito Federal;Total;Todas;Todas;  97.41;  97.47
Distrito Federal;Todas;Todas;Urbana;  97.56;  97.59
Espírito Santo;Todas;Todas;Rural;  90.50;  89.02
Espírito Santo;Branca;Todas;Todas;  96.08;  94.59
Espírito Santo;Negra;Todas;Todas;  93.64;  92.50
Espírito Santo;Todas;10 a 24 anos;Todas;  99.02;  99.59
Espírito Santo;Todas;25 a 49 anos;Todas;  96.72;  97.39
Espírito Santo;Todas;50 anos ou mais;Todas;  86.51;  82.25
Espírito Santo;Total;Todas;Todas;  94.62;  93.36
Espírito Santo;Todas;Todas;Urbana;  95.43;  93.97
Goiás;Todas;Todas;Rural;  87.89;  87.15
Goiás;Branca;Todas;Todas;  95.01;  94.59
Goiás;Negra;Todas;Todas;  91.88;  91.58
Goiás;Todas;10 a 24 anos;Todas;  98.93;  99.71
Goiás;Todas;25 a 49 anos;Todas;  95.52;  97.19
Goiás;Todas;50 anos ou mais;Todas;  82.21;  79.66
Goiás;Total;Todas;Todas;  93.07;  92.80
Goiás;Todas;Todas;Urbana;  93.52;  93.13
Maranhão;Todas;Todas;Rural;  72.73;  79.09
Maranhão;Branca;Todas;Todas;  86.27;  88.02
Maranhão;Negra;Todas;Todas;  78.69;  83.76
Maranhão;Todas;10 a 24 anos;Todas;  95.42;  98.08
Maranhão;Todas;25 a 49 anos;Todas;  80.79;  89.14
Maranhão;Todas;50 anos ou mais;Todas;  54.86;  58.05
Maranhão;Total;Todas;Todas;  80.08;  84.58
Maranhão;Todas;Todas;Urbana;  85.09;  87.39
Mato Grosso;Todas;Todas;Rural;  86.80;  87.45
Mato Grosso;Branca;Todas;Todas;  95.96;  96.20
Mato Grosso;Negra;Todas;Todas;  91.12;  92.77
Mato Grosso;Todas;10 a 24 anos;Todas;  99.47;  99.21
Mato Grosso;Todas;25 a 49 anos;Todas;  95.14;  96.62
Mato Grosso;Todas;50 anos ou mais;Todas;  80.88;  82.93
Mato Grosso;Total;Todas;Todas;  92.72;  94.02
Mato Grosso;Todas;Todas;Urbana;  94.00;  95.01
Mato Grosso do Sul;Todas;Todas;Rural;  89.26;  92.36
Mato Grosso do Sul;Branca;Todas;Todas;  96.52;  95.38
Mato Grosso do Sul;Negra;Todas;Todas;  92.08;  92.85
Mato Grosso do Sul;Todas;10 a 24 anos;Todas;  98.58;  98.88
Mato Grosso do Sul;Todas;25 a 49 anos;Todas;  96.61;  97.57
Mato Grosso do Sul;Todas;50 anos ou mais;Todas;  84.68;  83.76
Mato Grosso do Sul;Total;Todas;Todas;  94.12;  94.04
Mato Grosso do Sul;Todas;Todas;Urbana;  94.63;  94.20
Minas Gerais;Todas;Todas;Rural;  85.58;  86.38
Minas Gerais;Branca;Todas;Todas;  95.62;  95.38
Minas Gerais;Negra;Todas;Todas;  91.98;  91.95
Minas Gerais;Todas;10 a 24 anos;Todas;  98.88;  99.47
Minas Gerais;Todas;25 a 49 anos;Todas;  95.96;  97.54
Minas Gerais;Todas;50 anos ou mais;Todas;  84.40;  82.94
Minas Gerais;Total;Todas;Todas;  93.48;  93.46
Minas Gerais;Todas;Todas;Urbana;  94.95;  94.48
Pará;Todas;Todas;Rural;  84.01;  87.19
Pará;Branca;Todas;Todas;  92.88;  92.75
Pará;Negra;Todas;Todas;  89.12;  91.61
Pará;Todas;10 a 24 anos;Todas;  96.86;  98.60
Pará;Todas;25 a 49 anos;Todas;  91.61;  95.15
Pará;Todas;50 anos ou mais;Todas;  74.32;  75.76
Pará;Total;Todas;Todas;  89.85;  91.85
Pará;Todas;Todas;Urbana;  92.46;  93.35
Paraíba;Todas;Todas;Rural;  64.20;  78.66
Paraíba;Branca;Todas;Todas;  85.12;  90.82
Paraíba;Negra;Todas;Todas;  78.87;  85.22
Paraíba;Todas;10 a 24 anos;Todas;  95.94;  98.46
Paraíba;Todas;25 a 49 anos;Todas;  81.99;  91.61
Paraíba;Todas;50 anos ou mais;Todas;  59.47;  70.44
Paraíba;Total;Todas;Todas;  81.06;  87.24
Paraíba;Todas;Todas;Urbana;  84.99;  88.86
Paraná;Todas;Todas;Rural;  92.14;  91.79
Paraná;Branca;Todas;Todas;  97.07;  96.39
Paraná;Negra;Todas;Todas;  93.36;  91.68
Paraná;Todas;10 a 24 anos;Todas;  99.25;  99.53
Paraná;Todas;25 a 49 anos;Todas;  97.24;  97.79
Paraná;Todas;50 anos ou mais;Todas;  90.34;  87.45
Paraná;Total;Todas;Todas;  95.82;  94.95
Paraná;Todas;Todas;Urbana;  96.41;  95.33
Pernambuco;Todas;Todas;Rural;  71.79;  75.36
Pernambuco;Branca;Todas;Todas;  89.40;  90.89
Pernambuco;Negra;Todas;Todas;  84.38;  85.14
Pernambuco;Todas;10 a 24 anos;Todas;  97.09;  98.52
Pernambuco;Todas;25 a 49 anos;Todas;  87.32;  91.44
Pernambuco;Todas;50 anos ou mais;Todas;  69.73;  71.01
Pernambuco;Total;Todas;Todas;  85.94;  87.14
Pernambuco;Todas;Todas;Urbana;  89.04;  89.29
Piauí;Todas;Todas;Rural;  66.29;  74.57
Piauí;Branca;Todas;Todas;  81.31;  85.59
Piauí;Negra;Todas;Todas;  77.88;  83.38
Piauí;Todas;10 a 24 anos;Todas;  94.59;  98.93
Piauí;Todas;25 a 49 anos;Todas;  79.57;  88.70
Piauí;Todas;50 anos ou mais;Todas;  55.90;  59.85
Piauí;Total;Todas;Todas;  78.69;  83.92
Piauí;Todas;Todas;Urbana;  85.29;  87.71
Rio de Janeiro;Todas;Todas;Rural;  88.59;  91.86
Rio de Janeiro;Branca;Todas;Todas;  97.69;  97.61
Rio de Janeiro;Negra;Todas;Todas;  96.70;  96.00
Rio de Janeiro;Todas;10 a 24 anos;Todas;  99.22;  99.61
Rio de Janeiro;Todas;25 a 49 anos;Todas;  98.12;  98.78
Rio de Janeiro;Todas;50 anos ou mais;Todas;  94.32;  92.85
Rio de Janeiro;Total;Todas;Todas;  97.16;  96.79
Rio de Janeiro;Todas;Todas;Urbana;  97.40;  96.90
Rio Grande do Norte;Todas;Todas;Rural;  70.91;  80.61
Rio Grande do Norte;Branca;Todas;Todas;  85.71;  89.67
Rio Grande do Norte;Negra;Todas;Todas;  80.66;  85.17
Rio Grande do Norte;Todas;10 a 24 anos;Todas;  97.00;  98.20
Rio Grande do Norte;Todas;25 a 49 anos;Todas;  83.26;  89.37
Rio Grande do Norte;Todas;50 anos ou mais;Todas;  62.20;  70.99
Rio Grande do Norte;Total;Todas;Todas;  82.57;  87.02
Rio Grande do Norte;Todas;Todas;Urbana;  86.13;  88.71
Rio Grande do Sul;Todas;Todas;Rural;  92.22;  91.53
Rio Grande do Sul;Branca;Todas;Todas;  96.61;  96.44
Rio Grande do Sul;Negra;Todas;Todas;  93.30;  93.19
Rio Grande do Sul;Todas;10 a 24 anos;Todas;  99.01;  99.61
Rio Grande do Sul;Todas;25 a 49 anos;Todas;  97.89;  98.27
Rio Grande do Sul;Todas;50 anos ou mais;Todas;  91.04;  90.68
Rio Grande do Sul;Total;Todas;Todas;  95.92;  95.83
Rio Grande do Sul;Todas;Todas;Urbana;  96.60;  96.42
Rondônia;Todas;Todas;Rural;  87.62;  86.94
Rondônia;Branca;Todas;Todas;  95.05;  92.54
Rondônia;Negra;Todas;Todas;  91.40;  92.38
Rondônia;Todas;10 a 24 anos;Todas;  98.95;  99.45
Rondônia;Todas;25 a 49 anos;Todas;  95.92;  96.31
Rondônia;Todas;50 anos ou mais;Todas;  76.62;  74.02
Rondônia;Total;Todas;Todas;  92.50;  92.43
Rondônia;Todas;Todas;Urbana;  94.08;  93.85
Roraima;Todas;Todas;Rural;  86.61;  87.58
Roraima;Branca;Todas;Todas;  93.52;  95.69
Roraima;Negra;Todas;Todas;  92.90;  93.24
Roraima;Todas;10 a 24 anos;Todas;  98.75;  99.44
Roraima;Todas;25 a 49 anos;Todas;  93.70;  95.73
Roraima;Todas;50 anos ou mais;Todas;  80.96;  77.52
Roraima;Total;Todas;Todas;  93.05;  93.81
Roraima;Todas;Todas;Urbana;  94.54;  94.23
Santa Catarina;Todas;Todas;Rural;  94.56;  93.23
Santa Catarina;Branca;Todas;Todas;  97.60;  97.23
Santa Catarina;Negra;Todas;Todas;  95.41;  92.78
Santa Catarina;Todas;10 a 24 anos;Todas;  99.37;  99.91
Santa Catarina;Todas;25 a 49 anos;Todas;  98.83;  98.83
Santa Catarina;Todas;50 anos ou mais;Todas;  92.87;  91.28
Santa Catarina;Total;Todas;Todas;  97.20;  96.60
Santa Catarina;Todas;Todas;Urbana;  97.71;  97.11
São Paulo;Todas;Todas;Rural;  94.27;  93.09
São Paulo;Branca;Todas;Todas;  97.56;  96.90
São Paulo;Negra;Todas;Todas;  95.97;  94.59
São Paulo;Todas;10 a 24 anos;Todas;  99.32;  99.69
São Paulo;Todas;25 a 49 anos;Todas;  97.91;  98.45
São Paulo;Todas;50 anos ou mais;Todas;  93.36;  90.17
São Paulo;Total;Todas;Todas;  96.93;  96.05
São Paulo;Todas;Todas;Urbana;  97.05;  96.11
Sergipe;Todas;Todas;Rural;  68.97;  74.83
Sergipe;Branca;Todas;Todas;  82.95;  86.98
Sergipe;Negra;Todas;Todas;  83.39;  85.11
Sergipe;Todas;10 a 24 anos;Todas;  96.46;  98.40
Sergipe;Todas;25 a 49 anos;Todas;  83.14;  89.92
Sergipe;Todas;50 anos ou mais;Todas;  64.77;  64.62
Sergipe;Total;Todas;Todas;  83.28;  85.58
Sergipe;Todas;Todas;Urbana;  88.50;  89.40
Tocantins;Todas;Todas;Rural;  78.33;  83.15
Tocantins;Branca;Todas;Todas;  95.69;  95.35
Tocantins;Negra;Todas;Todas;  85.96;  88.77
Tocantins;Todas;10 a 24 anos;Todas;  98.85;  98.95
Tocantins;Todas;25 a 49 anos;Todas;  91.79;  95.11
Tocantins;Todas;50 anos ou mais;Todas;  68.34;  70.42
Tocantins;Total;Todas;Todas;  87.98;  90.22
Tocantins;Todas;Todas;Urbana;  90.66;  91.66
Todas as UFs;Todas;Todas;Rural;  79.94;  83.31
Todas as UFs;Branca;Todas;Todas;  95.29;  95.27
Todas as UFs;Negra;Todas;Todas;  89.28;  90.30
Todas as UFs;Todas;10 a 24 anos;Todas;  98.16;  99.14
Todas as UFs;Todas;25 a 49 anos;Todas;  93.62;  96.03
Todas as UFs;Todas;50 anos ou mais;Todas;  82.72;  82.25
Todas as UFs;Total;Todas;Todas;  91.96;  92.65
Todas as UFs;Todas;Todas;Urbana;  94.15;  93.99
