UF;Faixa Etária;Mulheres
Acre;15 a 19 anos;40654
Alagoas;15 a 19 anos;178292
Amapá;15 a 19 anos;40780
Amazonas;15 a 19 anos;192788
Bahia;15 a 19 anos;682832
Ceará;15 a 19 anos;421457
Distrito Federal;15 a 19 anos;108870
Espírito Santo;15 a 19 anos;149875
Goiás;15 a 19 anos;277171
Maranhão;15 a 19 anos;368750
Mato Grosso;15 a 19 anos;115684
Mato Grosso do Sul;15 a 19 anos;95659
Minas Gerais;15 a 19 anos;863920
Pará;15 a 19 anos;376817
Paraíba;15 a 19 anos;164425
Paraná;15 a 19 anos;422918
Pernambuco;15 a 19 anos;402467
Piauí;15 a 19 anos;151919
Rio de Janeiro;15 a 19 anos;637106
Rio Grande do Norte;15 a 19 anos;164629
Rio Grande do Sul;15 a 19 anos;446363
Rondônia;15 a 19 anos;66744
Roraima;15 a 19 anos;23195
Santa Catarina;15 a 19 anos;276801
São Paulo;15 a 19 anos;1758384
Sergipe;15 a 19 anos;106265
Tocantins;15 a 19 anos;65563
Todas as UFs;15 a 19 anos;8600328
Acre;15 a 19 anos com filhos;6384
Alagoas;15 a 19 anos com filhos;28126
Amapá;15 a 19 anos com filhos;6969
Amazonas;15 a 19 anos com filhos;38561
Bahia;15 a 19 anos com filhos;76560
Ceará;15 a 19 anos com filhos;45366
Distrito Federal;15 a 19 anos com filhos;8540
Espírito Santo;15 a 19 anos com filhos;11757
Goiás;15 a 19 anos com filhos;34316
Maranhão;15 a 19 anos com filhos;49830
Mato Grosso;15 a 19 anos com filhos;17566
Mato Grosso do Sul;15 a 19 anos com filhos;10115
Minas Gerais;15 a 19 anos com filhos;80591
Pará;15 a 19 anos com filhos;52339
Paraíba;15 a 19 anos com filhos;26157
Paraná;15 a 19 anos com filhos;38734
Pernambuco;15 a 19 anos com filhos;51387
Piauí;15 a 19 anos com filhos;21301
Rio de Janeiro;15 a 19 anos com filhos;63449
Rio Grande do Norte;15 a 19 anos com filhos;22943
Rio Grande do Sul;15 a 19 anos com filhos;32271
Rondônia;15 a 19 anos com filhos;8063
Roraima;15 a 19 anos com filhos;4753
Santa Catarina;15 a 19 anos com filhos;16698
São Paulo;15 a 19 anos com filhos;160133
Sergipe;15 a 19 anos com filhos;12651
Tocantins;15 a 19 anos com filhos;10460
Todas as UFs;15 a 19 anos com filhos;936020
Acre;15 a 19 anos sem filhos;34270
Alagoas;15 a 19 anos sem filhos;150166
Amapá;15 a 19 anos sem filhos;33811
Amazonas;15 a 19 anos sem filhos;154227
Bahia;15 a 19 anos sem filhos;606272
Ceará;15 a 19 anos sem filhos;376091
Distrito Federal;15 a 19 anos sem filhos;100330
Espírito Santo;15 a 19 anos sem filhos;138118
Goiás;15 a 19 anos sem filhos;242855
Maranhão;15 a 19 anos sem filhos;318920
Mato Grosso;15 a 19 anos sem filhos;98118
Mato Grosso do Sul;15 a 19 anos sem filhos;85544
Minas Gerais;15 a 19 anos sem filhos;783329
Pará;15 a 19 anos sem filhos;324478
Paraíba;15 a 19 anos sem filhos;138268
Paraná;15 a 19 anos sem filhos;384184
Pernambuco;15 a 19 anos sem filhos;351080
Piauí;15 a 19 anos sem filhos;130618
Rio de Janeiro;15 a 19 anos sem filhos;573657
Rio Grande do Norte;15 a 19 anos sem filhos;141686
Rio Grande do Sul;15 a 19 anos sem filhos;414092
Rondônia;15 a 19 anos sem filhos;58681
Roraima;15 a 19 anos sem filhos;18442
Santa Catarina;15 a 19 anos sem filhos;260103
São Paulo;15 a 19 anos sem filhos;1598251
Sergipe;15 a 19 anos sem filhos;93614
Tocantins;15 a 19 anos sem filhos;55103
Todas as UFs;15 a 19 anos sem filhos;7664308
Acre;15 a 49 anos;217213
Alagoas;15 a 49 anos;938740
Amapá;15 a 49 anos;215524
Amazonas;15 a 49 anos;1070565
Bahia;15 a 49 anos;4197667
Ceará;15 a 49 anos;2400235
Distrito Federal;15 a 49 anos;840138
Espírito Santo;15 a 49 anos;1072608
Goiás;15 a 49 anos;1798443
Maranhão;15 a 49 anos;1846038
Mato Grosso;15 a 49 anos;886365
Mato Grosso do Sul;15 a 49 anos;715585
Minas Gerais;15 a 49 anos;5632481
Pará;15 a 49 anos;2180742
Paraíba;15 a 49 anos;1075602
Paraná;15 a 49 anos;2986251
Pernambuco;15 a 49 anos;2542054
Piauí;15 a 49 anos;884533
Rio de Janeiro;15 a 49 anos;4380940
Rio Grande do Norte;15 a 49 anos;989818
Rio Grande do Sul;15 a 49 anos;2907234
Rondônia;15 a 49 anos;493702
Roraima;15 a 49 anos;139715
Santa Catarina;15 a 49 anos;1822193
São Paulo;15 a 49 anos;12154669
Sergipe;15 a 49 anos;628207
Tocantins;15 a 49 anos;402577
Todas as UFs;15 a 49 anos;55419839
Acre;20 a 49 anos;176559
Alagoas;20 a 49 anos;760448
Amapá;20 a 49 anos;174744
Amazonas;20 a 49 anos;877777
Bahia;20 a 49 anos;3514835
Ceará;20 a 49 anos;1978778
Distrito Federal;20 a 49 anos;731268
Espírito Santo;20 a 49 anos;922733
Goiás;20 a 49 anos;1521272
Maranhão;20 a 49 anos;1477288
Mato Grosso;20 a 49 anos;770681
Mato Grosso do Sul;20 a 49 anos;619926
Minas Gerais;20 a 49 anos;4768561
Pará;20 a 49 anos;1803925
Paraíba;20 a 49 anos;911177
Paraná;20 a 49 anos;2563333
Pernambuco;20 a 49 anos;2139587
Piauí;20 a 49 anos;732614
Rio de Janeiro;20 a 49 anos;3743834
Rio Grande do Norte;20 a 49 anos;825189
Rio Grande do Sul;20 a 49 anos;2460871
Rondônia;20 a 49 anos;426958
Roraima;20 a 49 anos;116520
Santa Catarina;20 a 49 anos;1545392
São Paulo;20 a 49 anos;10396285
Sergipe;20 a 49 anos;521942
Tocantins;20 a 49 anos;337014
Todas as UFs;20 a 49 anos;46819511
Acre;Mulheres de 15 a 49 anos;54.9
Alagoas;Mulheres de 15 a 49 anos;54.6
Amapá;Mulheres de 15 a 49 anos;57.1
Amazonas;Mulheres de 15 a 49 anos;54.8
Bahia;Mulheres de 15 a 49 anos;53.5
Ceará;Mulheres de 15 a 49 anos;52.7
Distrito Federal;Mulheres de 15 a 49 anos;57.2
Espírito Santo;Mulheres de 15 a 49 anos;53.6
Goiás;Mulheres de 15 a 49 anos;54.2
Maranhão;Mulheres de 15 a 49 anos;51.6
Mato Grosso;Mulheres de 15 a 49 anos;55.6
Mato Grosso do Sul;Mulheres de 15 a 49 anos;53.8
Minas Gerais;Mulheres de 15 a 49 anos;52.9
Pará;Mulheres de 15 a 49 anos;54.3
Paraíba;Mulheres de 15 a 49 anos;52.5
Paraná;Mulheres de 15 a 49 anos;52.6
Pernambuco;Mulheres de 15 a 49 anos;52.3
Piauí;Mulheres de 15 a 49 anos;53.6
Rio de Janeiro;Mulheres de 15 a 49 anos;50.1
Rio Grande do Norte;Mulheres de 15 a 49 anos;55.7
Rio Grande do Sul;Mulheres de 15 a 49 anos;49.8
Rondônia;Mulheres de 15 a 49 anos;56.5
Roraima;Mulheres de 15 a 49 anos;55.5
Santa Catarina;Mulheres de 15 a 49 anos;52.7
São Paulo;Todas as mulheres;53.1
Sergipe;Todas as mulheres;55.3
Tocantins;Todas as mulheres;53.5
Todas as UFs;Todas as mulheres;52.9
