UF;Raça/Cor;Situação do Domicílio;Tipo de família;Famílias
Acre;Todas as Raças;Todas as situações;Unipessoal;9407
Acre;Todas as Raças;Todas as situações;Casal com filhas/os;29734
Acre;Todas as Raças;Todas as situações;Todos os tipos;90713
Acre;Todas as Raças;Todas as situações;Casal sem filhas/os;7559
Acre;Todas as Raças;Todas as situações;Mulher sem cônjuge com filhas/os;38638
Acre;Todas as Raças;Todas as situações;Outros;5375
Acre;Branca;Todas as situações;Outros Tipos;16295
Acre;Negra;Todas as situações;Outros Tipos;72906
Acre;Outras;Todas as situações;Outros Tipos;1512
Acre;Todas as Raças;Rural;Outros Tipos;12600
Acre;Todas as Raças;Urbana;Outros Tipos;78113
Alagoas;Todas as Raças;Todas as situações;Outros;31113
Alagoas;Todas as Raças;Todas as situações;Unipessoal;64621
Alagoas;Todas as Raças;Todas as situações;Casal com filhas/os;127432
Alagoas;Todas as Raças;Todas as situações;Todos os tipos;450539
Alagoas;Todas as Raças;Todas as situações;Mulher sem cônjuge com filhas/os;178310
Alagoas;Todas as Raças;Todas as situações;Casal sem filhas/os;49063
Alagoas;Branca;Todas as situações;Outros Tipos;113687
Alagoas;Negra;Todas as situações;Outros Tipos;335057
Alagoas;Outras;Todas as situações;Outros Tipos;1795
Alagoas;Todas as Raças;Rural;Outros Tipos;75981
Alagoas;Todas as Raças;Urbana;Outros Tipos;374558
Amapá;Todas as Raças;Todas as situações;Casal sem filhas/os;7226
Amapá;Todas as Raças;Todas as situações;Mulher sem cônjuge com filhas/os;42330
Amapá;Todas as Raças;Todas as situações;Casal com filhas/os;35619
Amapá;Todas as Raças;Todas as situações;Todos os tipos;99371
Amapá;Todas as Raças;Todas as situações;Unipessoal;8001
Amapá;Todas as Raças;Todas as situações;Outros;6195
Amapá;Branca;Todas as situações;Outros Tipos;21420
Amapá;Negra;Todas as situações;Outros Tipos;77435
Amapá;Outras;Todas as situações;Outros Tipos;516
Amapá;Todas as Raças;Rural;Outros Tipos;5680
Amapá;Todas as Raças;Urbana;Outros Tipos;93691
Amazonas;Todas as Raças;Todas as situações;Outros;33231
Amazonas;Todas as Raças;Todas as situações;Casal sem filhas/os;48286
Amazonas;Todas as Raças;Todas as situações;Todos os tipos;476215
Amazonas;Todas as Raças;Todas as situações;Mulher sem cônjuge com filhas/os;209114
Amazonas;Todas as Raças;Todas as situações;Unipessoal;37936
Amazonas;Todas as Raças;Todas as situações;Casal com filhas/os;147648
Amazonas;Branca;Todas as situações;Outros Tipos;98757
Amazonas;Negra;Todas as situações;Outros Tipos;367110
Amazonas;Outras;Todas as situações;Outros Tipos;10348
Amazonas;Todas as Raças;Rural;Outros Tipos;34806
Amazonas;Todas as Raças;Urbana;Outros Tipos;441409
Bahia;Todas as Raças;Todas as situações;Casal com filhas/os;463144
Bahia;Todas as Raças;Todas as situações;Outros;180606
Bahia;Todas as Raças;Todas as situações;Casal sem filhas/os;211498
Bahia;Todas as Raças;Todas as situações;Todos os tipos;2226077
Bahia;Todas as Raças;Todas as situações;Unipessoal;364814
Bahia;Todas as Raças;Todas as situações;Mulher sem cônjuge com filhas/os;1006015
Bahia;Branca;Todas as situações;Outros Tipos;418399
Bahia;Negra;Todas as situações;Outros Tipos;1789356
Bahia;Outras;Todas as situações;Outros Tipos;18322
Bahia;Todas as Raças;Rural;Outros Tipos;352276
Bahia;Todas as Raças;Urbana;Outros Tipos;1873801
Ceará;Todas as Raças;Todas as situações;Unipessoal;158990
Ceará;Todas as Raças;Todas as situações;Casal sem filhas/os;113933
Ceará;Todas as Raças;Todas as situações;Outros;102006
Ceará;Todas as Raças;Todas as situações;Casal com filhas/os;305097
Ceará;Todas as Raças;Todas as situações;Mulher sem cônjuge com filhas/os;509317
Ceará;Todas as Raças;Todas as situações;Todos os tipos;1189343
Ceará;Branca;Todas as situações;Outros Tipos;321659
Ceará;Negra;Todas as situações;Outros Tipos;863539
Ceará;Outras;Todas as situações;Outros Tipos;4145
Ceará;Todas as Raças;Rural;Outros Tipos;210317
Ceará;Todas as Raças;Urbana;Outros Tipos;979026
Distrito Federal;Todas as Raças;Todas as situações;Todos os tipos;455594
Distrito Federal;Todas as Raças;Todas as situações;Outros;26529
Distrito Federal;Todas as Raças;Todas as situações;Casal com filhas/os;125334
Distrito Federal;Todas as Raças;Todas as situações;Casal sem filhas/os;42996
Distrito Federal;Todas as Raças;Todas as situações;Unipessoal;74410
Distrito Federal;Todas as Raças;Todas as situações;Mulher sem cônjuge com filhas/os;186325
Distrito Federal;Branca;Todas as situações;Outros Tipos;183882
Distrito Federal;Negra;Todas as situações;Outros Tipos;263479
Distrito Federal;Outras;Todas as situações;Outros Tipos;8233
Distrito Federal;Todas as Raças;Rural;Outros Tipos;10674
Distrito Federal;Todas as Raças;Urbana;Outros Tipos;444920
Espírito Santo;Todas as Raças;Todas as situações;Casal sem filhas/os;37617
Espírito Santo;Todas as Raças;Todas as situações;Todos os tipos;490173
Espírito Santo;Todas as Raças;Todas as situações;Mulher sem cônjuge com filhas/os;218650
Espírito Santo;Todas as Raças;Todas as situações;Unipessoal;102262
Espírito Santo;Todas as Raças;Todas as situações;Casal com filhas/os;83455
Espírito Santo;Todas as Raças;Todas as situações;Outros;48189
Espírito Santo;Branca;Todas as situações;Outros Tipos;191025
Espírito Santo;Negra;Todas as situações;Outros Tipos;295622
Espírito Santo;Outras;Todas as situações;Outros Tipos;3526
Espírito Santo;Todas as Raças;Rural;Outros Tipos;37030
Espírito Santo;Todas as Raças;Urbana;Outros Tipos;453143
Goiás;Todas as Raças;Todas as situações;Todos os tipos;833265
Goiás;Todas as Raças;Todas as situações;Mulher sem cônjuge com filhas/os;368516
Goiás;Todas as Raças;Todas as situações;Outros;70410
Goiás;Todas as Raças;Todas as situações;Unipessoal;159511
Goiás;Todas as Raças;Todas as situações;Casal com filhas/os;163081
Goiás;Todas as Raças;Todas as situações;Casal sem filhas/os;71747
Goiás;Branca;Todas as situações;Outros Tipos;320391
Goiás;Negra;Todas as situações;Outros Tipos;503964
Goiás;Outras;Todas as situações;Outros Tipos;8910
Goiás;Todas as Raças;Rural;Outros Tipos;31191
Goiás;Todas as Raças;Urbana;Outros Tipos;802074
Maranhão;Todas as Raças;Todas as situações;Todos os tipos;901534
Maranhão;Todas as Raças;Todas as situações;Mulher sem cônjuge com filhas/os;387133
Maranhão;Todas as Raças;Todas as situações;Outros;81257
Maranhão;Todas as Raças;Todas as situações;Unipessoal;91998
Maranhão;Todas as Raças;Todas as situações;Casal com filhas/os;256822
Maranhão;Todas as Raças;Todas as situações;Casal sem filhas/os;84324
Maranhão;Branca;Todas as situações;Outros Tipos;157924
Maranhão;Negra;Todas as situações;Outros Tipos;739011
Maranhão;Outras;Todas as situações;Outros Tipos;4599
Maranhão;Todas as Raças;Rural;Outros Tipos;285947
Maranhão;Todas as Raças;Urbana;Outros Tipos;615587
Mato Grosso;Todas as Raças;Todas as situações;Unipessoal;70694
Mato Grosso;Todas as Raças;Todas as situações;Outros;24423
Mato Grosso;Todas as Raças;Todas as situações;Casal com filhas/os;119536
Mato Grosso;Todas as Raças;Todas as situações;Todos os tipos;407006
Mato Grosso;Todas as Raças;Todas as situações;Casal sem filhas/os;56556
Mato Grosso;Todas as Raças;Todas as situações;Mulher sem cônjuge com filhas/os;135797
Mato Grosso;Branca;Todas as situações;Outros Tipos;138808
Mato Grosso;Negra;Todas as situações;Outros Tipos;263058
Mato Grosso;Outras;Todas as situações;Outros Tipos;5140
Mato Grosso;Todas as Raças;Rural;Outros Tipos;32995
Mato Grosso;Todas as Raças;Urbana;Outros Tipos;374011
Mato Grosso do Sul;Todas as Raças;Todas as situações;Casal com filhas/os;83035
Mato Grosso do Sul;Todas as Raças;Todas as situações;Unipessoal;62788
Mato Grosso do Sul;Todas as Raças;Todas as situações;Todos os tipos;352753
Mato Grosso do Sul;Todas as Raças;Todas as situações;Mulher sem cônjuge com filhas/os;143293
Mato Grosso do Sul;Todas as Raças;Todas as situações;Outros;26130
Mato Grosso do Sul;Todas as Raças;Todas as situações;Casal sem filhas/os;37507
Mato Grosso do Sul;Branca;Todas as situações;Outros Tipos;148352
Mato Grosso do Sul;Negra;Todas as situações;Outros Tipos;195971
Mato Grosso do Sul;Outras;Todas as situações;Outros Tipos;8430
Mato Grosso do Sul;Todas as Raças;Rural;Outros Tipos;13909
Mato Grosso do Sul;Todas as Raças;Urbana;Outros Tipos;338844
Minas Gerais;Todas as Raças;Todas as situações;Casal sem filhas/os;232277
Minas Gerais;Todas as Raças;Todas as situações;Outros;187152
Minas Gerais;Todas as Raças;Todas as situações;Unipessoal;533515
Minas Gerais;Todas as Raças;Todas as situações;Mulher sem cônjuge com filhas/os;1217412
Minas Gerais;Todas as Raças;Todas as situações;Todos os tipos;2691943
Minas Gerais;Todas as Raças;Todas as situações;Casal com filhas/os;521587
Minas Gerais;Branca;Todas as situações;Outros Tipos;1136816
Minas Gerais;Negra;Todas as situações;Outros Tipos;1537743
Minas Gerais;Outras;Todas as situações;Outros Tipos;17384
Minas Gerais;Todas as Raças;Rural;Outros Tipos;213423
Minas Gerais;Todas as Raças;Urbana;Outros Tipos;2478520
Pará;Todas as Raças;Todas as situações;Casal sem filhas/os;86845
Pará;Todas as Raças;Todas as situações;Todos os tipos;897206
Pará;Todas as Raças;Todas as situações;Outros;72320
Pará;Todas as Raças;Todas as situações;Casal com filhas/os;234999
Pará;Todas as Raças;Todas as situações;Unipessoal;89069
Pará;Todas as Raças;Todas as situações;Mulher sem cônjuge com filhas/os;413973
Pará;Branca;Todas as situações;Outros Tipos;186615
Pará;Negra;Todas as situações;Outros Tipos;703207
Pará;Outras;Todas as situações;Outros Tipos;7384
Pará;Todas as Raças;Rural;Outros Tipos;151901
Pará;Todas as Raças;Urbana;Outros Tipos;745305
Paraíba;Todas as Raças;Todas as situações;Mulher sem cônjuge com filhas/os;258465
Paraíba;Todas as Raças;Todas as situações;Outros;49820
Paraíba;Todas as Raças;Todas as situações;Casal sem filhas/os;55432
Paraíba;Todas as Raças;Todas as situações;Todos os tipos;540597
Paraíba;Todas as Raças;Todas as situações;Casal com filhas/os;105254
Paraíba;Todas as Raças;Todas as situações;Unipessoal;71626
Paraíba;Branca;Todas as situações;Outros Tipos;188089
Paraíba;Negra;Todas as situações;Outros Tipos;348773
Paraíba;Outras;Todas as situações;Outros Tipos;3735
Paraíba;Todas as Raças;Rural;Outros Tipos;61039
Paraíba;Todas as Raças;Urbana;Outros Tipos;479558
Paraná;Todas as Raças;Todas as situações;Mulher sem cônjuge com filhas/os;521924
Paraná;Todas as Raças;Todas as situações;Outros;77947
Paraná;Todas as Raças;Todas as situações;Todos os tipos;1438654
Paraná;Todas as Raças;Todas as situações;Casal com filhas/os;361939
Paraná;Todas as Raças;Todas as situações;Unipessoal;315524
Paraná;Todas as Raças;Todas as situações;Casal sem filhas/os;161320
Paraná;Branca;Todas as situações;Outros Tipos;945384
Paraná;Negra;Todas as situações;Outros Tipos;477507
Paraná;Outras;Todas as situações;Outros Tipos;15763
Paraná;Todas as Raças;Rural;Outros Tipos;109622
Paraná;Todas as Raças;Urbana;Outros Tipos;1329032
Pernambuco;Todas as Raças;Todas as situações;Casal sem filhas/os;147774
Pernambuco;Todas as Raças;Todas as situações;Mulher sem cônjuge com filhas/os;582393
Pernambuco;Todas as Raças;Todas as situações;Unipessoal;204505
Pernambuco;Todas as Raças;Todas as situações;Casal com filhas/os;344132
Pernambuco;Todas as Raças;Todas as situações;Outros;110724
Pernambuco;Todas as Raças;Todas as situações;Todos os tipos;1389528
Pernambuco;Branca;Todas as situações;Outros Tipos;439336
Pernambuco;Negra;Todas as situações;Outros Tipos;940245
Pernambuco;Outras;Todas as situações;Outros Tipos;9947
Pernambuco;Todas as Raças;Rural;Outros Tipos;143635
Pernambuco;Todas as Raças;Urbana;Outros Tipos;1245893
Piauí;Todas as Raças;Todas as situações;Casal com filhas/os;107616
Piauí;Todas as Raças;Todas as situações;Casal sem filhas/os;38682
Piauí;Todas as Raças;Todas as situações;Unipessoal;54933
Piauí;Todas as Raças;Todas as situações;Outros;41480
Piauí;Todas as Raças;Todas as situações;Mulher sem cônjuge com filhas/os;187240
Piauí;Todas as Raças;Todas as situações;Todos os tipos;429951
Piauí;Branca;Todas as situações;Outros Tipos;82405
Piauí;Negra;Todas as situações;Outros Tipos;346424
Piauí;Outras;Todas as situações;Outros Tipos;1122
Piauí;Todas as Raças;Rural;Outros Tipos;86893
Piauí;Todas as Raças;Urbana;Outros Tipos;343058
Rio de Janeiro;Todas as Raças;Todas as situações;Casal sem filhas/os;296582
Rio de Janeiro;Todas as Raças;Todas as situações;Mulher sem cônjuge com filhas/os;1005827
Rio de Janeiro;Todas as Raças;Todas as situações;Unipessoal;649554
Rio de Janeiro;Todas as Raças;Todas as situações;Outros;195606
Rio de Janeiro;Todas as Raças;Todas as situações;Casal com filhas/os;493413
Rio de Janeiro;Todas as Raças;Todas as situações;Todos os tipos;2640982
Rio de Janeiro;Branca;Todas as situações;Outros Tipos;1269950
Rio de Janeiro;Negra;Todas as situações;Outros Tipos;1358728
Rio de Janeiro;Outras;Todas as situações;Outros Tipos;12304
Rio de Janeiro;Todas as Raças;Rural;Outros Tipos;43865
Rio de Janeiro;Todas as Raças;Urbana;Outros Tipos;2597117
Rio Grande do Norte;Todas as Raças;Todas as situações;Mulher sem cônjuge com filhas/os;223334
Rio Grande do Norte;Todas as Raças;Todas as situações;Casal sem filhas/os;51278
Rio Grande do Norte;Todas as Raças;Todas as situações;Casal com filhas/os;107284
Rio Grande do Norte;Todas as Raças;Todas as situações;Todos os tipos;479060
Rio Grande do Norte;Todas as Raças;Todas as situações;Unipessoal;56675
Rio Grande do Norte;Todas as Raças;Todas as situações;Outros;40489
Rio Grande do Norte;Branca;Todas as situações;Outros Tipos;180149
Rio Grande do Norte;Negra;Todas as situações;Outros Tipos;298237
Rio Grande do Norte;Outras;Todas as situações;Outros Tipos;674
Rio Grande do Norte;Todas as Raças;Rural;Outros Tipos;87043
Rio Grande do Norte;Todas as Raças;Urbana;Outros Tipos;392017
Rio Grande do Sul;Todas as Raças;Todas as situações;Outros;95728
Rio Grande do Sul;Todas as Raças;Todas as situações;Mulher sem cônjuge com filhas/os;576627
Rio Grande do Sul;Todas as Raças;Todas as situações;Todos os tipos;1812448
Rio Grande do Sul;Todas as Raças;Todas as situações;Unipessoal;438494
Rio Grande do Sul;Todas as Raças;Todas as situações;Casal com filhas/os;440896
Rio Grande do Sul;Todas as Raças;Todas as situações;Casal sem filhas/os;260703
Rio Grande do Sul;Branca;Todas as situações;Outros Tipos;1435733
Rio Grande do Sul;Negra;Todas as situações;Outros Tipos;366858
Rio Grande do Sul;Outras;Todas as situações;Outros Tipos;9857
Rio Grande do Sul;Todas as Raças;Rural;Outros Tipos;156256
Rio Grande do Sul;Todas as Raças;Urbana;Outros Tipos;1656192
Rondônia;Todas as Raças;Todas as situações;Casal sem filhas/os;20654
Rondônia;Todas as Raças;Todas as situações;Mulher sem cônjuge com filhas/os;78586
Rondônia;Todas as Raças;Todas as situações;Todos os tipos;197227
Rondônia;Todas as Raças;Todas as situações;Casal com filhas/os;54410
Rondônia;Todas as Raças;Todas as situações;Outros;12846
Rondônia;Todas as Raças;Todas as situações;Unipessoal;30731
Rondônia;Branca;Todas as situações;Outros Tipos;63478
Rondônia;Negra;Todas as situações;Outros Tipos;132742
Rondônia;Outras;Todas as situações;Outros Tipos;1007
Rondônia;Todas as Raças;Rural;Outros Tipos;23178
Rondônia;Todas as Raças;Urbana;Outros Tipos;174049
Roraima;Todas as Raças;Todas as situações;Casal com filhas/os;25844
Roraima;Todas as Raças;Todas as situações;Todos os tipos;75267
Roraima;Todas as Raças;Todas as situações;Mulher sem cônjuge com filhas/os;27186
Roraima;Todas as Raças;Todas as situações;Outros;4182
Roraima;Todas as Raças;Todas as situações;Casal sem filhas/os;9503
Roraima;Todas as Raças;Todas as situações;Unipessoal;8552
Roraima;Branca;Todas as situações;Outros Tipos;13303
Roraima;Negra;Todas as situações;Outros Tipos;57783
Roraima;Outras;Todas as situações;Outros Tipos;4181
Roraima;Todas as Raças;Rural;Outros Tipos;7984
Roraima;Todas as Raças;Urbana;Outros Tipos;67283
Santa Catarina;Todas as Raças;Todas as situações;Mulher sem cônjuge com filhas/os;293518
Santa Catarina;Todas as Raças;Todas as situações;Casal sem filhas/os;118924
Santa Catarina;Todas as Raças;Todas as situações;Outros;43811
Santa Catarina;Todas as Raças;Todas as situações;Unipessoal;210031
Santa Catarina;Todas as Raças;Todas as situações;Casal com filhas/os;173172
Santa Catarina;Todas as Raças;Todas as situações;Todos os tipos;839456
Santa Catarina;Branca;Todas as situações;Outros Tipos;707314
Santa Catarina;Negra;Todas as situações;Outros Tipos;125880
Santa Catarina;Outras;Todas as situações;Outros Tipos;6262
Santa Catarina;Todas as Raças;Rural;Outros Tipos;85549
Santa Catarina;Todas as Raças;Urbana;Outros Tipos;753907
São Paulo;Todas as Raças;Todas as situações;Casal sem filhas/os;664191
São Paulo;Todas as Raças;Todas as situações;Unipessoal;1164204
São Paulo;Todas as Raças;Todas as situações;Casal com filhas/os;1454642
São Paulo;Todas as Raças;Todas as situações;Outros;392637
São Paulo;Todas as Raças;Todas as situações;Todos os tipos;6088612
São Paulo;Todas as Raças;Todas as situações;Mulher sem cônjuge com filhas/os;2412938
São Paulo;Branca;Todas as situações;Outros Tipos;3613950
São Paulo;Negra;Todas as situações;Outros Tipos;2370060
São Paulo;Outras;Todas as situações;Outros Tipos;104602
São Paulo;Todas as Raças;Rural;Outros Tipos;140396
São Paulo;Todas as Raças;Urbana;Outros Tipos;5948216
Sergipe;Todas as Raças;Todas as situações;Casal sem filhas/os;28915
Sergipe;Todas as Raças;Todas as situações;Casal com filhas/os;70122
Sergipe;Todas as Raças;Todas as situações;Outros;26742
Sergipe;Todas as Raças;Todas as situações;Unipessoal;46626
Sergipe;Todas as Raças;Todas as situações;Todos os tipos;310479
Sergipe;Todas as Raças;Todas as situações;Mulher sem cônjuge com filhas/os;138074
Sergipe;Branca;Todas as situações;Outros Tipos;74458
Sergipe;Negra;Todas as situações;Outros Tipos;233127
Sergipe;Outras;Todas as situações;Outros Tipos;2894
Sergipe;Todas as Raças;Rural;Outros Tipos;68682
Sergipe;Todas as Raças;Urbana;Outros Tipos;241797
Tocantins;Todas as Raças;Todas as situações;Mulher sem cônjuge com filhas/os;77295
Tocantins;Todas as Raças;Todas as situações;Todos os tipos;184439
Tocantins;Todas as Raças;Todas as situações;Outros;15050
Tocantins;Todas as Raças;Todas as situações;Casal com filhas/os;45407
Tocantins;Todas as Raças;Todas as situações;Casal sem filhas/os;19903
Tocantins;Todas as Raças;Todas as situações;Unipessoal;26784
Tocantins;Branca;Todas as situações;Outros Tipos;32649
Tocantins;Negra;Todas as situações;Outros Tipos;151280
Tocantins;Outras;Todas as situações;Outros Tipos;510
Tocantins;Todas as Raças;Rural;Outros Tipos;22956
Tocantins;Todas as Raças;Urbana;Outros Tipos;161483
Todas as UFs;Todas as Raças;Todas as situações;Casal sem filhas/os;2961295
Todas as UFs;Todas as Raças;Todas as situações;Outros;2001998
Todas as UFs;Todas as Raças;Todas as situações;Unipessoal;5106255
Todas as UFs;Todas as Raças;Todas as situações;Todos os tipos;27988432
Todas as UFs;Todas as Raças;Todas as situações;Mulher sem cônjuge com filhas/os;11438230
Todas as UFs;Todas as Raças;Todas as situações;Casal com filhas/os;6480654
Todas as UFs;Branca;Todas as situações;Outros Tipos;12500228
Todas as UFs;Negra;Todas as situações;Outros Tipos;15215102
Todas as UFs;Outras;Todas as situações;Outros Tipos;273102
Todas as UFs;Todas as Raças;Rural;Outros Tipos;2505828
Todas as UFs;Todas as Raças;Urbana;Outros Tipos;25482604
